plan_id,phase,day_no,ramp_ingredient,forage_type,wt_min,wt_max,target_adg,Single Bag Wanda (W MGF),Chari,Wheat Straw (Toori),Limestone,Maize Silage,Potato,Sodium bicarbonate (Meetha Soda),Monensin,est_cost_per_head_per_day
max-potato,ADAPTATION,1,,chari+silage,80,84,0.24,1.347,2.668,0.3,0.001,0,0,0,0,131
max-potato,ADAPTATION,2,,chari+silage,80,84,0.43,1.93,3,0.365,0.002,0.556,0,0,0,187
max-potato,ADAPTATION,3,,chari+silage,80,84,0.24,1.34,2.922,0.3,0.001,0,0,0,0,133
max-potato,ADAPTATION,4,,chari+silage,80,84,0.26,1.495,1.247,0.7,0,0,0,0,0,142
max-potato,ADAPTATION,5,,chari+silage,80,84,0.33,1.649,2.324,0.6,0,0,0,0,0,160
max-potato,ADAPTATION,6,,chari+silage,80,84,0.43,1.93,3,0.365,0.002,0.556,0,0,0,187
max-potato,ADAPTATION,7,,chari+silage,80,84,0.43,1.93,3,0.365,0.002,0.556,0,0,0,187
max-potato,INGREDIENT_RAMP,1,Potato,chari+silage,80,84,0.43,1.139,3.0,0.35,0.003,2.546,0.674,0.012,0.0001,175
max-potato,INGREDIENT_RAMP,2,Potato,chari+silage,80,84,0.43,1.139,3.0,0.35,0.003,2.047,1.348,0.012,0.0001,175
max-potato,INGREDIENT_RAMP,3,Potato,chari+silage,80,84,0.43,1.139,3.0,0.35,0.003,1.548,2.023,0.012,0.0001,175
max-potato,INGREDIENT_RAMP,4,Potato,chari+silage,80,84,0.43,1.139,3.0,0.35,0.003,1.049,2.697,0.012,0.0001,174
max-potato,INGREDIENT_RAMP,5,Potato,chari+silage,80,84,0.43,1.139,3.0,0.35,0.003,0.55,3.371,0.012,0.0001,174
max-potato,STEADY,,,chari+silage,80,84,0.43,1.139,3.0,0.35,0.003,0.55,3.371,0.012,0.0001,174
max-potato,ADAPTATION,1,,chari+silage,85,89,0.46,2.047,3,0.364,0.002,0.814,0,0,0,200
max-potato,ADAPTATION,2,,chari+silage,85,89,0.2,1.259,2.643,0.3,0.001,0,0,0,0,124
max-potato,ADAPTATION,3,,chari+silage,85,89,0.27,1.422,3.202,0.3,0.001,0,0,0,0,141
max-potato,ADAPTATION,4,,chari+silage,85,89,0.28,1.586,1.558,0.7,0,0,0,0,0,151
max-potato,ADAPTATION,5,,chari+silage,85,89,0.36,1.75,2.668,0.6,0,0,0,0,0,170
max-potato,ADAPTATION,6,,chari+silage,85,89,0.46,2.047,3,0.364,0.002,0.814,0,0,0,200
max-potato,ADAPTATION,7,,chari+silage,85,89,0.46,2.047,3,0.364,0.002,0.814,0,0,0,200
max-potato,INGREDIENT_RAMP,1,Potato,chari+silage,85,89,0.46,1.199,3.0,0.35,0.003,2.942,0.723,0.013,0.0001,187
max-potato,INGREDIENT_RAMP,2,Potato,chari+silage,85,89,0.46,1.199,3.0,0.35,0.003,2.407,1.446,0.013,0.0001,187
max-potato,INGREDIENT_RAMP,3,Potato,chari+silage,85,89,0.46,1.199,3.0,0.35,0.003,1.872,2.169,0.013,0.0001,186
max-potato,INGREDIENT_RAMP,4,Potato,chari+silage,85,89,0.46,1.199,3.0,0.35,0.003,1.337,2.892,0.013,0.0001,186
max-potato,INGREDIENT_RAMP,5,Potato,chari+silage,85,89,0.46,1.199,3.0,0.35,0.003,0.802,3.615,0.013,0.0001,185
max-potato,STEADY,,,chari+silage,85,89,0.46,1.199,3.0,0.35,0.003,0.802,3.615,0.013,0.0001,185
max-potato,ADAPTATION,1,,chari+silage,90,94,0.5,2.164,3,0.363,0.003,1.073,0,0,0,212
max-potato,ADAPTATION,2,,chari+silage,90,94,0.22,1.331,2.891,0.3,0.001,0,0,0,0,132
max-potato,ADAPTATION,3,,chari+silage,90,94,0.23,1.51,0.859,0.78,0,0,0,0,0,142
max-potato,ADAPTATION,4,,chari+silage,90,94,0.31,1.677,1.87,0.7,0,0,0,0,0,161
max-potato,ADAPTATION,5,,chari+silage,90,94,0.39,1.851,3.012,0.6,0,0,0,0,0,180
max-potato,ADAPTATION,6,,chari+silage,90,94,0.5,2.164,3,0.363,0.003,1.073,0,0,0,212
max-potato,ADAPTATION,7,,chari+silage,90,94,0.5,2.164,3,0.363,0.003,1.073,0,0,0,212
max-potato,INGREDIENT_RAMP,1,Potato,chari+silage,90,94,0.5,1.258,3.0,0.35,0.004,3.339,0.772,0.014,0.0001,199
max-potato,INGREDIENT_RAMP,2,Potato,chari+silage,90,94,0.5,1.258,3.0,0.35,0.004,2.768,1.544,0.014,0.0001,198
max-potato,INGREDIENT_RAMP,3,Potato,chari+silage,90,94,0.5,1.258,3.0,0.35,0.004,2.197,2.316,0.014,0.0001,198
max-potato,INGREDIENT_RAMP,4,Potato,chari+silage,90,94,0.5,1.258,3.0,0.35,0.004,1.625,3.088,0.014,0.0001,197
max-potato,INGREDIENT_RAMP,5,Potato,chari+silage,90,94,0.5,1.258,3.0,0.35,0.004,1.054,3.86,0.014,0.0001,197
max-potato,STEADY,,,chari+silage,90,94,0.5,1.258,3.0,0.35,0.004,1.054,3.86,0.014,0.0001,197
max-potato,ADAPTATION,1,,chari+silage,95,99,0.54,2.281,3,0.362,0.003,1.331,0,0,0,225
max-potato,ADAPTATION,2,,chari+silage,95,99,0.24,1.404,3.139,0.3,0.001,0,0,0,0,139
max-potato,ADAPTATION,3,,chari+silage,95,99,0.26,1.586,1.118,0.78,0,0,0,0,0,150
max-potato,ADAPTATION,4,,chari+silage,95,99,0.34,1.769,2.182,0.7,0,0,0,0,0,170
max-potato,ADAPTATION,5,,chari+silage,95,99,0.42,1.951,3.355,0.6,0,0,0,0,0,191
max-potato,ADAPTATION,6,,chari+silage,95,99,0.54,2.281,3,0.362,0.003,1.331,0,0,0,225
max-potato,ADAPTATION,7,,chari+silage,95,99,0.54,2.281,3,0.362,0.003,1.331,0,0,0,225
max-potato,INGREDIENT_RAMP,1,Potato,chari+silage,95,99,0.54,1.317,3.0,0.35,0.004,3.736,0.821,0.015,0.0001,210
max-potato,INGREDIENT_RAMP,2,Potato,chari+silage,95,99,0.54,1.317,3.0,0.35,0.004,3.128,1.642,0.015,0.0001,210
max-potato,INGREDIENT_RAMP,3,Potato,chari+silage,95,99,0.54,1.317,3.0,0.35,0.004,2.521,2.463,0.015,0.0001,209
max-potato,INGREDIENT_RAMP,4,Potato,chari+silage,95,99,0.54,1.317,3.0,0.35,0.004,1.913,3.284,0.015,0.0001,209
max-potato,INGREDIENT_RAMP,5,Potato,chari+silage,95,99,0.54,1.317,3.0,0.35,0.004,1.306,4.105,0.015,0.0001,209
max-potato,STEADY,,,chari+silage,95,99,0.54,1.317,3.0,0.35,0.004,1.306,4.105,0.015,0.0001,209
max-potato,ADAPTATION,1,,chari+silage,100,104,0.2,1.311,2.823,0.3,0.001,0,0,0,0,130
max-potato,ADAPTATION,2,,chari+silage,100,104,0.27,1.476,3.387,0.3,0.001,0,0,0,0,147
max-potato,ADAPTATION,3,,chari+silage,100,104,0.28,1.668,1.398,0.78,0,0,0,0,0,159
max-potato,ADAPTATION,4,,chari+silage,100,104,0.37,1.86,2.494,0.7,0,0,0,0,0,180
max-potato,ADAPTATION,5,,chari+silage,100,104,0.46,2.051,3.694,0.6,0,0,0,0,0,201
max-potato,ADAPTATION,6,,chari+silage,100,104,0.57,2.398,3,0.362,0.004,1.589,0,0,0,238
max-potato,ADAPTATION,7,,chari+silage,100,104,0.57,2.398,3,0.362,0.004,1.589,0,0,0,238
max-potato,INGREDIENT_RAMP,1,Potato,chari+silage,100,104,0.57,1.373,3.0,0.359,0.005,4.038,0.86,0.015,0.0001,220
max-potato,INGREDIENT_RAMP,2,Potato,chari+silage,100,104,0.57,1.373,3.0,0.359,0.005,3.402,1.72,0.015,0.0001,220
max-potato,INGREDIENT_RAMP,3,Potato,chari+silage,100,104,0.57,1.373,3.0,0.359,0.005,2.766,2.58,0.015,0.0001,219
max-potato,INGREDIENT_RAMP,4,Potato,chari+silage,100,104,0.57,1.373,3.0,0.359,0.005,2.129,3.44,0.015,0.0001,219
max-potato,INGREDIENT_RAMP,5,Potato,chari+silage,100,104,0.57,1.373,3.0,0.359,0.005,1.493,4.3,0.015,0.0001,218
max-potato,STEADY,,,chari+silage,100,104,0.57,1.373,3.0,0.359,0.005,1.493,4.3,0.015,0.0001,218
max-potato,ADAPTATION,1,,chari+silage,105,109,0.22,1.373,3.034,0.3,0.001,0,0,0,0,136
max-potato,ADAPTATION,2,,chari+silage,105,109,0.29,1.549,3.635,0.3,0.001,0,0,0,0,154
max-potato,ADAPTATION,3,,chari+silage,105,109,0.31,1.75,1.678,0.78,0,0,0,0,0,167
max-potato,ADAPTATION,4,,chari+silage,105,109,0.4,1.952,2.805,0.7,0,0,0,0,0,189
max-potato,ADAPTATION,5,,chari+silage,105,109,0.49,2.147,4.023,0.6,0.001,0,0,0,0,211
max-potato,ADAPTATION,6,,chari+silage,105,109,0.61,2.515,3,0.361,0.004,1.847,0,0,0,250
max-potato,ADAPTATION,7,,chari+silage,105,109,0.61,2.515,3,0.361,0.004,1.847,0,0,0,250
max-potato,INGREDIENT_RAMP,1,Potato,chari+silage,105,109,0.61,1.431,3.0,0.359,0.005,4.436,0.909,0.016,0.0001,232
max-potato,INGREDIENT_RAMP,2,Potato,chari+silage,105,109,0.61,1.431,3.0,0.359,0.005,3.764,1.818,0.016,0.0001,231
max-potato,INGREDIENT_RAMP,3,Potato,chari+silage,105,109,0.61,1.431,3.0,0.359,0.005,3.091,2.727,0.016,0.0001,231
max-potato,INGREDIENT_RAMP,4,Potato,chari+silage,105,109,0.61,1.431,3.0,0.359,0.005,2.419,3.636,0.016,0.0001,230
max-potato,INGREDIENT_RAMP,5,Potato,chari+silage,105,109,0.61,1.431,3.0,0.359,0.005,1.746,4.545,0.016,0.0001,230
max-potato,STEADY,,,chari+silage,105,109,0.61,1.431,3.0,0.359,0.005,1.746,4.545,0.016,0.0001,230
max-potato,ADAPTATION,1,,chari+silage,110,114,0.23,1.434,3.24,0.3,0.001,0,0,0,0,142
max-potato,ADAPTATION,2,,chari+silage,110,114,0.31,1.617,3.868,0.3,0.001,0,0,0,0,161
max-potato,ADAPTATION,3,,chari+silage,110,114,0.33,1.827,1.941,0.78,0,0,0,0,0,175
max-potato,ADAPTATION,4,,chari+silage,110,114,0.43,2.037,3.098,0.7,0,0,0,0,0,198
max-potato,ADAPTATION,5,,chari+silage,110,114,0.52,2.238,4.332,0.6,0.001,0,0,0,0,220
max-potato,ADAPTATION,6,,chari+silage,110,114,0.65,2.624,3,0.36,0.005,2.09,0,0,0,262
max-potato,ADAPTATION,7,,chari+silage,110,114,0.65,2.624,3,0.36,0.005,2.09,0,0,0,262
max-potato,INGREDIENT_RAMP,1,Potato,chari+silage,110,114,0.65,1.486,3.0,0.358,0.006,4.809,0.955,0.017,0.0001,243
max-potato,INGREDIENT_RAMP,2,Potato,chari+silage,110,114,0.65,1.486,3.0,0.358,0.006,4.102,1.909,0.017,0.0001,242
max-potato,INGREDIENT_RAMP,3,Potato,chari+silage,110,114,0.65,1.486,3.0,0.358,0.006,3.396,2.864,0.017,0.0001,242
max-potato,INGREDIENT_RAMP,4,Potato,chari+silage,110,114,0.65,1.486,3.0,0.358,0.006,2.689,3.818,0.017,0.0001,241
max-potato,INGREDIENT_RAMP,5,Potato,chari+silage,110,114,0.65,1.486,3.0,0.358,0.006,1.983,4.773,0.017,0.0001,241
max-potato,STEADY,,,chari+silage,110,114,0.65,1.486,3.0,0.358,0.006,1.983,4.773,0.017,0.0001,241
max-potato,ADAPTATION,1,,chari+silage,115,119,0.25,1.49,3.432,0.3,0.001,0,0,0,0,148
max-potato,ADAPTATION,2,,chari+silage,115,119,0.26,1.68,1.054,0.85,0,0,0,0,0,159
max-potato,ADAPTATION,3,,chari+silage,115,119,0.35,1.899,2.184,0.78,0,0,0,0,0,182
max-potato,ADAPTATION,4,,chari+silage,115,119,0.45,2.117,3.369,0.7,0,0,0,0,0,206
max-potato,ADAPTATION,5,,chari+silage,115,119,0.55,2.321,4.618,0.6,0.001,0,0,0,0,229
max-potato,ADAPTATION,6,,chari+silage,115,119,0.69,2.726,3,0.359,0.005,2.314,0,0,0,273
max-potato,ADAPTATION,7,,chari+silage,115,119,0.69,2.726,3,0.359,0.005,2.314,0,0,0,273
max-potato,INGREDIENT_RAMP,1,Potato,chari+silage,115,119,0.69,1.537,3.0,0.357,0.007,5.155,0.997,0.018,0.0001,253
max-potato,INGREDIENT_RAMP,2,Potato,chari+silage,115,119,0.69,1.537,3.0,0.357,0.007,4.417,1.994,0.018,0.0001,252
max-potato,INGREDIENT_RAMP,3,Potato,chari+silage,115,119,0.69,1.537,3.0,0.357,0.007,3.679,2.991,0.018,0.0001,252
max-potato,INGREDIENT_RAMP,4,Potato,chari+silage,115,119,0.69,1.537,3.0,0.357,0.007,2.941,3.988,0.018,0.0001,251
max-potato,INGREDIENT_RAMP,5,Potato,chari+silage,115,119,0.69,1.537,3.0,0.357,0.007,2.203,4.986,0.018,0.0001,251
max-potato,STEADY,,,chari+silage,115,119,0.69,1.537,3.0,0.357,0.007,2.203,4.986,0.018,0.0001,251
max-potato,ADAPTATION,1,,chari+silage,120,124,0.26,1.545,3.62,0.3,0.001,0,0,0,0,154
max-potato,ADAPTATION,2,,chari+silage,120,124,0.27,1.743,1.267,0.85,0,0,0,0,0,165
max-potato,ADAPTATION,3,,chari+silage,120,124,0.38,1.969,2.424,0.78,0,0,0,0,0,189
max-potato,ADAPTATION,4,,chari+silage,120,124,0.48,2.195,3.637,0.7,0,0,0,0,0,214
max-potato,ADAPTATION,5,,chari+silage,120,124,0.58,2.404,4.901,0.6,0.001,0,0,0,0,237
max-potato,ADAPTATION,6,,chari+silage,120,124,0.72,2.827,3,0.359,0.006,2.536,0,0,0,284
max-potato,ADAPTATION,7,,chari+silage,120,124,0.72,2.827,3,0.359,0.006,2.536,0,0,0,284
max-potato,INGREDIENT_RAMP,1,Potato,chari+silage,120,124,0.72,1.588,3.0,0.356,0.007,5.499,1.039,0.019,0.0001,263
max-potato,INGREDIENT_RAMP,2,Potato,chari+silage,120,124,0.72,1.588,3.0,0.356,0.007,4.73,2.079,0.019,0.0001,262
max-potato,INGREDIENT_RAMP,3,Potato,chari+silage,120,124,0.72,1.588,3.0,0.356,0.007,3.961,3.118,0.019,0.0001,262
max-potato,INGREDIENT_RAMP,4,Potato,chari+silage,120,124,0.72,1.588,3.0,0.356,0.007,3.192,4.158,0.019,0.0001,261
max-potato,INGREDIENT_RAMP,5,Potato,chari+silage,120,124,0.72,1.588,3.0,0.356,0.007,2.423,5.197,0.019,0.0001,261
max-potato,STEADY,,,chari+silage,120,124,0.72,1.588,3.0,0.356,0.007,2.423,5.197,0.019,0.0001,261
max-potato,ADAPTATION,1,,chari+silage,125,129,0.28,1.6,3.807,0.3,0.001,0,0,0,0,159
max-potato,ADAPTATION,2,,chari+silage,125,129,0.29,1.804,1.477,0.85,0,0,0,0,0,171
max-potato,ADAPTATION,3,,chari+silage,125,129,0.4,2.039,2.662,0.78,0,0,0,0,0,197
max-potato,ADAPTATION,4,,chari+silage,125,129,0.51,2.273,3.901,0.7,0,0,0,0,0,222
max-potato,ADAPTATION,5,,chari+silage,125,129,0.61,2.486,5.18,0.6,0.001,0,0,0,0,246
max-potato,ADAPTATION,6,,chari+silage,125,129,0.76,2.926,3,0.358,0.006,2.755,0,0,0,295
max-potato,ADAPTATION,7,,chari+silage,125,129,0.76,2.926,3,0.358,0.006,2.755,0,0,0,295
max-potato,INGREDIENT_RAMP,1,Potato,chari+silage,125,129,0.76,1.638,3.0,0.355,0.008,5.836,1.081,0.019,0.0001,273
max-potato,INGREDIENT_RAMP,2,Potato,chari+silage,125,129,0.76,1.638,3.0,0.355,0.008,5.036,2.162,0.019,0.0001,272
max-potato,INGREDIENT_RAMP,3,Potato,chari+silage,125,129,0.76,1.638,3.0,0.355,0.008,4.237,3.242,0.019,0.0001,271
max-potato,INGREDIENT_RAMP,4,Potato,chari+silage,125,129,0.76,1.638,3.0,0.355,0.008,3.437,4.323,0.019,0.0001,271
max-potato,INGREDIENT_RAMP,5,Potato,chari+silage,125,129,0.76,1.638,3.0,0.355,0.008,2.637,5.404,0.019,0.0001,270
max-potato,STEADY,,,chari+silage,125,129,0.76,1.638,3.0,0.355,0.008,2.637,5.404,0.019,0.0001,270
max-potato,ADAPTATION,1,,chari+silage,130,134,0.29,1.654,3.991,0.3,0.001,0,0,0,0,165
max-potato,ADAPTATION,2,,chari+silage,130,134,0.31,1.865,1.685,0.85,0,0,0,0,0,178
max-potato,ADAPTATION,3,,chari+silage,130,134,0.42,2.107,2.896,0.78,0,0,0,0,0,204
max-potato,ADAPTATION,4,,chari+silage,130,134,0.53,2.349,4.162,0.7,0.001,0,0,0,0,230
max-potato,ADAPTATION,5,,chari+silage,130,134,0.64,2.567,5.456,0.6,0.001,0,0,0,0,254
max-potato,ADAPTATION,6,,chari+silage,130,134,0.8,3.024,3,0.357,0.007,2.972,0,0,0,305
max-potato,ADAPTATION,7,,chari+silage,130,134,0.8,3.024,3,0.357,0.007,2.972,0,0,0,305
max-potato,INGREDIENT_RAMP,1,Potato,chari+silage,130,134,0.8,1.687,3.0,0.355,0.008,6.17,1.122,0.02,0.0001,282
max-potato,INGREDIENT_RAMP,2,Potato,chari+silage,130,134,0.8,1.687,3.0,0.355,0.008,5.34,2.244,0.02,0.0001,282
max-potato,INGREDIENT_RAMP,3,Potato,chari+silage,130,134,0.8,1.687,3.0,0.355,0.008,4.509,3.365,0.02,0.0001,281
max-potato,INGREDIENT_RAMP,4,Potato,chari+silage,130,134,0.8,1.687,3.0,0.355,0.008,3.679,4.487,0.02,0.0001,281
max-potato,INGREDIENT_RAMP,5,Potato,chari+silage,130,134,0.8,1.687,3.0,0.355,0.008,2.849,5.609,0.02,0.0001,280
max-potato,STEADY,,,chari+silage,130,134,0.8,1.687,3.0,0.355,0.008,2.849,5.609,0.02,0.0001,280
max-potato,ADAPTATION,1,,chari+silage,135,139,0.31,1.707,4.173,0.3,0.001,0,0,0,0,170
max-potato,ADAPTATION,2,,chari+silage,135,139,0.33,1.925,1.889,0.85,0,0,0,0,0,184
max-potato,ADAPTATION,3,,chari+silage,135,139,0.44,2.175,3.127,0.78,0,0,0,0,0,211
max-potato,ADAPTATION,4,,chari+silage,135,139,0.56,2.425,4.42,0.7,0.001,0,0,0,0,238
max-potato,ADAPTATION,5,,chari+silage,135,139,0.67,2.647,5.725,0.6,0.001,0,0,0,0,262
max-potato,ADAPTATION,6,,chari+silage,135,139,0.83,3.12,3,0.356,0.007,3.185,0,0,0,316
max-potato,ADAPTATION,7,,chari+silage,135,139,0.83,3.12,3,0.356,0.007,3.185,0,0,0,316
max-potato,INGREDIENT_RAMP,1,Potato,chari+silage,135,139,0.83,1.735,3.0,0.354,0.008,6.497,1.162,0.021,0.0001,292
max-potato,INGREDIENT_RAMP,2,Potato,chari+silage,135,139,0.83,1.735,3.0,0.354,0.008,5.637,2.324,0.021,0.0001,291
max-potato,INGREDIENT_RAMP,3,Potato,chari+silage,135,139,0.83,1.735,3.0,0.354,0.008,4.777,3.486,0.021,0.0001,291
max-potato,INGREDIENT_RAMP,4,Potato,chari+silage,135,139,0.83,1.735,3.0,0.354,0.008,3.917,4.648,0.021,0.0001,290
max-potato,INGREDIENT_RAMP,5,Potato,chari+silage,135,139,0.83,1.735,3.0,0.354,0.008,3.057,5.81,0.021,0.0001,289
max-potato,STEADY,,,chari+silage,135,139,0.83,1.735,3.0,0.354,0.008,3.057,5.81,0.021,0.0001,289
max-potato,ADAPTATION,1,,chari+silage,140,144,0.24,1.759,1.048,0.9,0,0,0,0,0,166
max-potato,ADAPTATION,2,,chari+silage,140,144,0.35,1.984,2.092,0.85,0,0,0,0,0,190
max-potato,ADAPTATION,3,,chari+silage,140,144,0.47,2.242,3.355,0.78,0,0,0,0,0,217
max-potato,ADAPTATION,4,,chari+silage,140,144,0.59,2.499,4.674,0.7,0.001,0,0,0,0,245
max-potato,ADAPTATION,5,,chari+silage,140,144,0.7,2.729,5.968,0.6,0.001,0,0,0,0,270
max-potato,ADAPTATION,6,,chari+silage,140,144,0.87,3.216,3,0.356,0.008,3.396,0,0,0,326
max-potato,ADAPTATION,7,,chari+silage,140,144,0.87,3.216,3,0.356,0.008,3.396,0,0,0,326
max-potato,INGREDIENT_RAMP,1,Potato,chari+silage,140,144,0.87,1.783,3.0,0.353,0.009,6.824,1.202,0.022,0.0001,301
max-potato,INGREDIENT_RAMP,2,Potato,chari+silage,140,144,0.87,1.783,3.0,0.353,0.009,5.935,2.404,0.022,0.0001,301
max-potato,INGREDIENT_RAMP,3,Potato,chari+silage,140,144,0.87,1.783,3.0,0.353,0.009,5.045,3.607,0.022,0.0001,300
max-potato,INGREDIENT_RAMP,4,Potato,chari+silage,140,144,0.87,1.783,3.0,0.353,0.009,4.155,4.809,0.022,0.0001,299
max-potato,INGREDIENT_RAMP,5,Potato,chari+silage,140,144,0.87,1.783,3.0,0.353,0.009,3.266,6.011,0.022,0.0001,299
max-potato,STEADY,,,chari+silage,140,144,0.87,1.783,3.0,0.353,0.009,3.266,6.011,0.022,0.0001,299
max-potato,ADAPTATION,1,,chari+silage,145,149,0.26,1.811,1.225,0.9,0,0,0,0,0,171
max-potato,ADAPTATION,2,,chari+silage,145,149,0.36,2.043,2.291,0.85,0,0,0,0,0,196
max-potato,ADAPTATION,3,,chari+silage,145,149,0.49,2.308,3.581,0.78,0,0,0,0,0,224
max-potato,ADAPTATION,4,,chari+silage,145,149,0.62,2.573,4.925,0.7,0.001,0,0,0,0,253
max-potato,ADAPTATION,5,,chari+silage,145,149,0.74,2.843,6,0.6,0.001,0,0,0,0,279
max-potato,ADAPTATION,6,,chari+silage,145,149,0.91,3.31,3,0.355,0.008,3.604,0,0,0,336
max-potato,ADAPTATION,7,,chari+silage,145,149,0.91,3.31,3,0.355,0.008,3.604,0,0,0,336
max-potato,INGREDIENT_RAMP,1,Potato,chari+silage,145,149,0.91,1.83,3.0,0.352,0.009,7.144,1.241,0.022,0.0001,311
max-potato,INGREDIENT_RAMP,2,Potato,chari+silage,145,149,0.91,1.83,3.0,0.352,0.009,6.225,2.483,0.022,0.0001,310
max-potato,INGREDIENT_RAMP,3,Potato,chari+silage,145,149,0.91,1.83,3.0,0.352,0.009,5.307,3.724,0.022,0.0001,309
max-potato,INGREDIENT_RAMP,4,Potato,chari+silage,145,149,0.91,1.83,3.0,0.352,0.009,4.388,4.966,0.022,0.0001,309
max-potato,INGREDIENT_RAMP,5,Potato,chari+silage,145,149,0.91,1.83,3.0,0.352,0.009,3.469,6.207,0.022,0.0001,308
max-potato,STEADY,,,chari+silage,145,149,0.91,1.83,3.0,0.352,0.009,3.469,6.207,0.022,0.0001,308
max-potato,ADAPTATION,1,,chari+silage,150,154,0.27,1.862,1.399,0.9,0,0,0,0,0,176
max-potato,ADAPTATION,2,,chari+silage,150,154,0.38,2.101,2.488,0.85,0,0,0,0,0,202
max-potato,ADAPTATION,3,,chari+silage,150,154,0.51,2.373,3.803,0.78,0,0,0,0,0,231
max-potato,ADAPTATION,4,,chari+silage,150,154,0.65,2.645,5.173,0.7,0.001,0,0,0,0,260
max-potato,ADAPTATION,5,,chari+silage,150,154,0.77,2.926,6,0.6,0.002,0.176,0,0,0,288
max-potato,ADAPTATION,6,,chari+silage,150,154,0.95,3.403,3,0.354,0.008,3.809,0,0,0,346
max-potato,ADAPTATION,7,,chari+silage,150,154,0.95,3.403,3,0.354,0.008,3.809,0,0,0,346
max-potato,INGREDIENT_RAMP,1,Potato,chari+silage,150,154,0.95,1.877,3.0,0.352,0.01,7.46,1.28,0.023,0.0001,320
max-potato,INGREDIENT_RAMP,2,Potato,chari+silage,150,154,0.95,1.877,3.0,0.352,0.01,6.512,2.56,0.023,0.0001,319
max-potato,INGREDIENT_RAMP,3,Potato,chari+silage,150,154,0.95,1.877,3.0,0.352,0.01,5.565,3.841,0.023,0.0001,319
max-potato,INGREDIENT_RAMP,4,Potato,chari+silage,150,154,0.95,1.877,3.0,0.352,0.01,4.618,5.121,0.023,0.0001,318
max-potato,INGREDIENT_RAMP,5,Potato,chari+silage,150,154,0.95,1.877,3.0,0.352,0.01,3.67,6.401,0.023,0.0001,317
max-potato,STEADY,,,chari+silage,150,154,0.95,1.877,3.0,0.352,0.01,3.67,6.401,0.023,0.0001,317
max-potato,ADAPTATION,1,,chari+silage,155,159,0.29,1.913,1.571,0.9,0,0,0,0,0,182
max-potato,ADAPTATION,2,,chari+silage,155,159,0.4,2.157,2.682,0.85,0,0,0,0,0,208
max-potato,ADAPTATION,3,,chari+silage,155,159,0.54,2.437,4.022,0.78,0,0,0,0,0,238
max-potato,ADAPTATION,4,,chari+silage,155,159,0.68,2.717,5.417,0.7,0.001,0,0,0,0,268
max-potato,ADAPTATION,5,,chari+silage,155,159,0.8,3.005,6,0.6,0.002,0.369,0,0,0,296
max-potato,ADAPTATION,6,,chari+silage,155,159,0.99,3.494,3,0.353,0.009,4.012,0,0,0,356
max-potato,ADAPTATION,7,,chari+silage,155,159,0.99,3.494,3,0.353,0.009,4.012,0,0,0,356
max-potato,INGREDIENT_RAMP,1,Potato,chari+silage,155,159,0.99,1.922,3.0,0.351,0.01,7.77,1.318,0.024,0.0001,329
max-potato,INGREDIENT_RAMP,2,Potato,chari+silage,155,159,0.99,1.922,3.0,0.351,0.01,6.795,2.637,0.024,0.0001,328
max-potato,INGREDIENT_RAMP,3,Potato,chari+silage,155,159,0.99,1.922,3.0,0.351,0.01,5.819,3.955,0.024,0.0001,328
max-potato,INGREDIENT_RAMP,4,Potato,chari+silage,155,159,0.99,1.922,3.0,0.351,0.01,4.843,5.274,0.024,0.0001,327
max-potato,INGREDIENT_RAMP,5,Potato,chari+silage,155,159,0.99,1.922,3.0,0.351,0.01,3.868,6.592,0.024,0.0001,326
max-potato,STEADY,,,chari+silage,155,159,0.99,1.922,3.0,0.351,0.01,3.868,6.592,0.024,0.0001,326
max-potato,ADAPTATION,1,,chari+silage,160,164,0.3,1.962,1.741,0.9,0,0,0,0,0,187
max-potato,ADAPTATION,2,,chari+silage,160,164,0.42,2.213,2.873,0.85,0,0,0,0,0,213
max-potato,ADAPTATION,3,,chari+silage,160,164,0.56,2.5,4.238,0.78,0,0,0,0,0,244
max-potato,ADAPTATION,4,,chari+silage,160,164,0.7,2.787,5.657,0.7,0.001,0,0,0,0,275
max-potato,ADAPTATION,5,,chari+silage,160,164,0.83,3.083,6,0.6,0.003,0.559,0,0,0,305
max-potato,ADAPTATION,6,,chari+silage,160,164,1.02,3.584,3,0.353,0.009,4.211,0,0,0,366
max-potato,ADAPTATION,7,,chari+silage,160,164,1.02,3.584,3,0.353,0.009,4.211,0,0,0,366
max-potato,INGREDIENT_RAMP,1,Potato,chari+silage,160,164,1.02,1.975,3.0,0.367,0.011,8.006,1.35,0.024,0.0001,338
max-potato,INGREDIENT_RAMP,2,Potato,chari+silage,160,164,1.02,1.975,3.0,0.367,0.011,7.007,2.701,0.024,0.0001,337
max-potato,INGREDIENT_RAMP,3,Potato,chari+silage,160,164,1.02,1.975,3.0,0.367,0.011,6.007,4.051,0.024,0.0001,336
max-potato,INGREDIENT_RAMP,4,Potato,chari+silage,160,164,1.02,1.975,3.0,0.367,0.011,5.008,5.402,0.024,0.0001,336
max-potato,INGREDIENT_RAMP,5,Potato,chari+silage,160,164,1.02,1.975,3.0,0.367,0.011,4.009,6.752,0.024,0.0001,335
max-potato,STEADY,,,chari+silage,160,164,1.02,1.975,3.0,0.367,0.011,4.009,6.752,0.024,0.0001,335
max-potato,ADAPTATION,1,,chari+silage,165,169,0.31,2.011,1.909,0.9,0,0,0,0,0,192
max-potato,ADAPTATION,2,,chari+silage,165,169,0.44,2.269,3.062,0.85,0,0,0,0,0,219
max-potato,ADAPTATION,3,,chari+silage,165,169,0.58,2.563,4.451,0.78,0.001,0,0,0,0,250
max-potato,ADAPTATION,4,,chari+silage,165,169,0.73,2.857,5.895,0.7,0.001,0,0,0,0,282
max-potato,ADAPTATION,5,,chari+silage,165,169,0.86,3.159,6,0.6,0.003,0.747,0,0,0,314
max-potato,ADAPTATION,6,,chari+silage,165,169,1.06,3.673,3,0.352,0.01,4.408,0,0,0,375
max-potato,ADAPTATION,7,,chari+silage,165,169,1.06,3.673,3,0.352,0.01,4.408,0,0,0,375
max-potato,INGREDIENT_RAMP,1,Potato,chari+silage,165,169,1.06,2.027,3.0,0.385,0.011,8.226,1.381,0.025,0.0001,346
max-potato,INGREDIENT_RAMP,2,Potato,chari+silage,165,169,1.06,2.027,3.0,0.385,0.011,7.204,2.762,0.025,0.0001,345
max-potato,INGREDIENT_RAMP,3,Potato,chari+silage,165,169,1.06,2.027,3.0,0.385,0.011,6.182,4.143,0.025,0.0001,345
max-potato,INGREDIENT_RAMP,4,Potato,chari+silage,165,169,1.06,2.027,3.0,0.385,0.011,5.16,5.524,0.025,0.0001,344
max-potato,INGREDIENT_RAMP,5,Potato,chari+silage,165,169,1.06,2.027,3.0,0.385,0.011,4.138,6.905,0.025,0.0001,343
max-potato,STEADY,,,chari+silage,165,169,1.06,2.027,3.0,0.385,0.011,4.138,6.905,0.025,0.0001,343
max-potato,ADAPTATION,1,,chari+silage,170,174,0.33,2.06,2.074,0.9,0,0,0,0,0,197
max-potato,ADAPTATION,2,,chari+silage,170,174,0.46,2.323,3.248,0.85,0,0,0,0,0,225
max-potato,ADAPTATION,3,,chari+silage,170,174,0.61,2.624,4.661,0.78,0.001,0,0,0,0,257
max-potato,ADAPTATION,4,,chari+silage,170,174,0.76,2.934,6,0.7,0.001,0.041,0,0,0,289
max-potato,ADAPTATION,5,,chari+silage,170,174,0.9,3.235,6,0.6,0.003,0.932,0,0,0,322
max-potato,ADAPTATION,6,,chari+silage,170,174,1.1,3.761,3,0.351,0.01,4.602,0,0,0,385
max-potato,ADAPTATION,7,,chari+silage,170,174,1.1,3.761,3,0.351,0.01,4.602,0,0,0,385
max-potato,INGREDIENT_RAMP,1,Potato,chari+silage,170,174,1.1,2.078,3.0,0.403,0.011,8.443,1.411,0.025,0.0001,355
max-potato,INGREDIENT_RAMP,2,Potato,chari+silage,170,174,1.1,2.078,3.0,0.403,0.011,7.399,2.822,0.025,0.0001,354
max-potato,INGREDIENT_RAMP,3,Potato,chari+silage,170,174,1.1,2.078,3.0,0.403,0.011,6.354,4.234,0.025,0.0001,353
max-potato,INGREDIENT_RAMP,4,Potato,chari+silage,170,174,1.1,2.078,3.0,0.403,0.011,5.31,5.645,0.025,0.0001,352
max-potato,INGREDIENT_RAMP,5,Potato,chari+silage,170,174,1.1,2.078,3.0,0.403,0.011,4.266,7.056,0.025,0.0001,352
max-potato,STEADY,,,chari+silage,170,174,1.1,2.078,3.0,0.403,0.011,4.266,7.056,0.025,0.0001,352
max-potato,ADAPTATION,1,,chari+silage,175,179,0.34,2.107,2.236,0.9,0,0,0,0,0,202
max-potato,ADAPTATION,2,,chari+silage,175,179,0.48,2.377,3.431,0.85,0,0,0,0,0,230
max-potato,ADAPTATION,3,,chari+silage,175,179,0.63,2.685,4.868,0.78,0.001,0,0,0,0,263
max-potato,ADAPTATION,4,,chari+silage,175,179,0.79,3.001,6,0.7,0.002,0.203,0,0,0,297
max-potato,ADAPTATION,5,,chari+silage,175,179,0.93,3.309,6,0.6,0.004,1.114,0,0,0,330
max-potato,ADAPTATION,6,,chari+silage,175,179,1.14,3.848,3,0.351,0.01,4.794,0,0,0,394
max-potato,ADAPTATION,7,,chari+silage,175,179,1.14,3.848,3,0.351,0.01,4.794,0,0,0,394
max-potato,INGREDIENT_RAMP,1,Potato,chari+silage,175,179,1.14,2.13,3.0,0.421,0.011,8.659,1.441,0.026,0.0001,363
max-potato,INGREDIENT_RAMP,2,Potato,chari+silage,175,179,1.14,2.13,3.0,0.421,0.011,7.592,2.882,0.026,0.0001,362
max-potato,INGREDIENT_RAMP,3,Potato,chari+silage,175,179,1.14,2.13,3.0,0.421,0.011,6.526,4.324,0.026,0.0001,362
max-potato,INGREDIENT_RAMP,4,Potato,chari+silage,175,179,1.14,2.13,3.0,0.421,0.011,5.459,5.765,0.026,0.0001,361
max-potato,INGREDIENT_RAMP,5,Potato,chari+silage,175,179,1.14,2.13,3.0,0.421,0.011,4.393,7.206,0.026,0.0001,360
max-potato,STEADY,,,chari+silage,175,179,1.14,2.13,3.0,0.421,0.011,4.393,7.206,0.026,0.0001,360
max-potato,ADAPTATION,1,,chari+silage,180,184,0.36,2.154,2.396,0.9,0,0,0,0,0,206
max-potato,ADAPTATION,2,,chari+silage,180,184,0.5,2.43,3.612,0.85,0,0,0,0,0,236
max-potato,ADAPTATION,3,,chari+silage,180,184,0.66,2.745,5.071,0.78,0.001,0,0,0,0,269
max-potato,ADAPTATION,4,,chari+silage,180,184,0.82,3.067,6,0.7,0.002,0.363,0,0,0,304
max-potato,ADAPTATION,5,,chari+silage,180,184,0.96,3.382,6,0.6,0.004,1.294,0,0,0,339
max-potato,ADAPTATION,6,,chari+silage,180,184,1.19,3.933,3,0.35,0.011,4.982,0,0,0,403
max-potato,ADAPTATION,7,,chari+silage,180,184,1.19,3.933,3,0.35,0.011,4.982,0,0,0,403
max-potato,INGREDIENT_RAMP,1,Potato,chari+silage,180,184,1.19,2.18,3.0,0.438,0.012,8.869,1.47,0.026,0.0001,371
max-potato,INGREDIENT_RAMP,2,Potato,chari+silage,180,184,1.19,2.18,3.0,0.438,0.012,7.781,2.941,0.026,0.0001,370
max-potato,INGREDIENT_RAMP,3,Potato,chari+silage,180,184,1.19,2.18,3.0,0.438,0.012,6.693,4.411,0.026,0.0001,370
max-potato,INGREDIENT_RAMP,4,Potato,chari+silage,180,184,1.19,2.18,3.0,0.438,0.012,5.605,5.882,0.026,0.0001,369
max-potato,INGREDIENT_RAMP,5,Potato,chari+silage,180,184,1.19,2.18,3.0,0.438,0.012,4.516,7.352,0.026,0.0001,368
max-potato,STEADY,,,chari+silage,180,184,1.19,2.18,3.0,0.438,0.012,4.516,7.352,0.026,0.0001,368
max-potato,ADAPTATION,1,,chari+silage,185,189,0.37,2.201,2.554,0.9,0,0,0,0,0,211
max-potato,ADAPTATION,2,,chari+silage,185,189,0.52,2.482,3.79,0.85,0,0,0,0,0,241
max-potato,ADAPTATION,3,,chari+silage,185,189,0.68,2.803,5.272,0.78,0.001,0,0,0,0,275
max-potato,ADAPTATION,4,,chari+silage,185,189,0.85,3.133,6,0.7,0.002,0.521,0,0,0,311
max-potato,ADAPTATION,5,,chari+silage,185,189,1,3.454,6,0.6,0.004,1.471,0,0,0,347
max-potato,ADAPTATION,6,,chari+silage,185,189,1.23,4.017,3,0.349,0.011,5.168,0,0,0,412
max-potato,ADAPTATION,7,,chari+silage,185,189,1.23,4.017,3,0.349,0.011,5.168,0,0,0,412
max-potato,INGREDIENT_RAMP,1,Potato,chari+silage,185,189,1.23,2.345,3.0,0.698,0.009,8.136,1.429,0.026,0.0001,379
max-potato,INGREDIENT_RAMP,2,Potato,chari+silage,185,189,1.23,2.345,3.0,0.698,0.009,7.078,2.858,0.026,0.0001,379
max-potato,INGREDIENT_RAMP,3,Potato,chari+silage,185,189,1.23,2.345,3.0,0.698,0.009,6.021,4.288,0.026,0.0001,378
max-potato,INGREDIENT_RAMP,4,Potato,chari+silage,185,189,1.23,2.345,3.0,0.698,0.009,4.963,5.717,0.026,0.0001,377
max-potato,INGREDIENT_RAMP,5,Potato,chari+silage,185,189,1.23,2.345,3.0,0.698,0.009,3.905,7.146,0.026,0.0001,376
max-potato,STEADY,,,chari+silage,185,189,1.23,2.345,3.0,0.698,0.009,3.905,7.146,0.026,0.0001,376
max-potato,ADAPTATION,1,,chari+silage,190,194,0.39,2.246,2.71,0.9,0,0,0,0,0,216
max-potato,ADAPTATION,2,,chari+silage,190,194,0.54,2.533,3.965,0.85,0,0,0,0,0,246
max-potato,ADAPTATION,3,,chari+silage,190,194,0.71,2.861,5.47,0.78,0.001,0,0,0,0,281
max-potato,ADAPTATION,4,,chari+silage,190,194,0.88,3.197,6,0.7,0.002,0.676,0,0,0,319
max-potato,ADAPTATION,5,,chari+silage,190,194,1.03,3.525,6,0.6,0.005,1.645,0,0,0,355
max-potato,ADAPTATION,6,,chari+silage,190,194,1.27,4.099,3,0.348,0.011,5.351,0,0,0,421
max-potato,ADAPTATION,7,,chari+silage,190,194,1.27,4.099,3,0.348,0.011,5.351,0,0,0,421
max-potato,INGREDIENT_RAMP,1,Potato,chari+silage,190,194,1.27,2.529,3.0,0.981,0.006,7.334,1.383,0.025,0.0001,389
max-potato,INGREDIENT_RAMP,2,Potato,chari+silage,190,194,1.27,2.529,3.0,0.981,0.006,6.311,2.765,0.025,0.0001,388
max-potato,INGREDIENT_RAMP,3,Potato,chari+silage,190,194,1.27,2.529,3.0,0.981,0.006,5.287,4.148,0.025,0.0001,387
max-potato,INGREDIENT_RAMP,4,Potato,chari+silage,190,194,1.27,2.529,3.0,0.981,0.006,4.264,5.531,0.025,0.0001,387
max-potato,INGREDIENT_RAMP,5,Potato,chari+silage,190,194,1.27,2.529,3.0,0.981,0.006,3.241,6.913,0.025,0.0001,386
max-potato,STEADY,,,chari+silage,190,194,1.27,2.529,3.0,0.981,0.006,3.241,6.913,0.025,0.0001,386
max-potato,ADAPTATION,1,,chari+silage,195,199,0.4,2.291,2.863,0.9,0,0,0,0,0,221
max-potato,ADAPTATION,2,,chari+silage,195,199,0.56,2.584,4.137,0.85,0,0,0,0,0,251
max-potato,ADAPTATION,3,,chari+silage,195,199,0.73,2.918,5.665,0.78,0.001,0,0,0,0,287
max-potato,ADAPTATION,4,,chari+silage,195,199,0.91,3.261,6,0.7,0.003,0.828,0,0,0,326
max-potato,ADAPTATION,5,,chari+silage,195,199,1.07,3.595,6,0.6,0.005,1.816,0,0,0,363
max-potato,ADAPTATION,6,,chari+silage,195,199,1.31,4.181,3,0.348,0.012,5.531,0,0,0,430
max-potato,ADAPTATION,7,,chari+silage,195,199,1.31,4.181,3,0.348,0.012,5.531,0,0,0,430
max-potato,INGREDIENT_RAMP,1,Potato,chari+silage,195,199,1.31,2.666,3.0,0.957,0.006,7.455,1.335,0.024,0.0001,399
max-potato,INGREDIENT_RAMP,2,Potato,chari+silage,195,199,1.31,2.666,3.0,0.957,0.006,6.467,2.67,0.024,0.0001,399
max-potato,INGREDIENT_RAMP,3,Potato,chari+silage,195,199,1.31,2.666,3.0,0.957,0.006,5.479,4.006,0.024,0.0001,398
max-potato,INGREDIENT_RAMP,4,Potato,chari+silage,195,199,1.31,2.666,3.0,0.957,0.006,4.491,5.341,0.024,0.0001,397
max-potato,INGREDIENT_RAMP,5,Potato,chari+silage,195,199,1.31,2.666,3.0,0.957,0.006,3.503,6.676,0.024,0.0001,396
max-potato,STEADY,,,chari+silage,195,199,1.31,2.666,3.0,0.957,0.006,3.503,6.676,0.024,0.0001,396
max-potato,ADAPTATION,1,,chari+silage,200,204,0.42,2.335,3.014,0.9,0,0,0,0,0,225
max-potato,ADAPTATION,2,,chari+silage,200,204,0.58,2.634,4.307,0.85,0,0,0,0,0,257
max-potato,ADAPTATION,3,,chari+silage,200,204,0.76,2.975,5.857,0.78,0.001,0,0,0,0,293
max-potato,ADAPTATION,4,,chari+silage,200,204,0.93,3.323,6,0.7,0.003,0.979,0,0,0,333
max-potato,ADAPTATION,5,,chari+silage,200,204,1.1,3.664,6,0.6,0.005,1.985,0,0,0,370
max-potato,ADAPTATION,6,,chari+silage,200,204,1.35,4.261,3,0.347,0.012,5.708,0,0,0,439
max-potato,ADAPTATION,7,,chari+silage,200,204,1.35,4.261,3,0.347,0.012,5.708,0,0,0,439
max-potato,INGREDIENT_RAMP,1,Potato,chari+silage,200,204,1.35,2.77,3.0,0.791,0.007,8.114,1.313,0.024,0.0001,412
max-potato,INGREDIENT_RAMP,2,Potato,chari+silage,200,204,1.35,2.77,3.0,0.791,0.007,7.142,2.625,0.024,0.0001,411
max-potato,INGREDIENT_RAMP,3,Potato,chari+silage,200,204,1.35,2.77,3.0,0.791,0.007,6.171,3.938,0.024,0.0001,411
max-potato,INGREDIENT_RAMP,4,Potato,chari+silage,200,204,1.35,2.77,3.0,0.791,0.007,5.2,5.25,0.024,0.0001,410
max-potato,INGREDIENT_RAMP,5,Potato,chari+silage,200,204,1.35,2.77,3.0,0.791,0.007,4.228,6.563,0.024,0.0001,409
max-potato,STEADY,,,chari+silage,200,204,1.35,2.77,3.0,0.791,0.007,4.228,6.563,0.024,0.0001,409
max-potato,ADAPTATION,1,,chari+silage,205,209,0.43,2.379,3.162,0.9,0,0,0,0,0,230
max-potato,ADAPTATION,2,,chari+silage,205,209,0.6,2.683,4.474,0.85,0,0,0,0,0,262
max-potato,ADAPTATION,3,,chari+silage,205,209,0.78,3.035,6,0.78,0.001,0,0,0,0,298
max-potato,ADAPTATION,4,,chari+silage,205,209,0.96,3.385,6,0.7,0.003,1.127,0,0,0,339
max-potato,ADAPTATION,5,,chari+silage,205,209,1.14,3.732,6,0.6,0.006,2.151,0,0,0,378
max-potato,ADAPTATION,6,,chari+silage,205,209,1.4,4.34,3,0.346,0.012,5.883,0,0,0,447
max-potato,ADAPTATION,7,,chari+silage,205,209,1.4,4.34,3,0.346,0.012,5.883,0,0,0,447
max-potato,INGREDIENT_RAMP,1,Potato,chari+silage,205,209,1.4,2.97,3.0,0.605,0.006,8.59,1.206,0.022,0.0,427
max-potato,INGREDIENT_RAMP,2,Potato,chari+silage,205,209,1.4,2.97,3.0,0.605,0.006,7.697,2.412,0.022,0.0,426
max-potato,INGREDIENT_RAMP,3,Potato,chari+silage,205,209,1.4,2.97,3.0,0.605,0.006,6.805,3.618,0.022,0.0,426
max-potato,INGREDIENT_RAMP,4,Potato,chari+silage,205,209,1.4,2.97,3.0,0.605,0.006,5.912,4.824,0.022,0.0,425
max-potato,INGREDIENT_RAMP,5,Potato,chari+silage,205,209,1.4,2.97,3.0,0.605,0.006,5.02,6.029,0.022,0.0,424
max-potato,STEADY,,,chari+silage,205,209,1.4,2.97,3.0,0.605,0.006,5.02,6.029,0.022,0.0,424
max-potato,ADAPTATION,1,,chari+silage,210,214,0.44,2.418,3.298,0.9,0,0,0,0,0,234
max-potato,ADAPTATION,2,,chari+silage,210,214,0.61,2.726,4.624,0.85,0,0,0,0,0,266
max-potato,ADAPTATION,3,,chari+silage,210,214,0.81,3.087,6,0.78,0.001,0.105,0,0,0,304
max-potato,ADAPTATION,4,,chari+silage,210,214,0.99,3.44,6,0.7,0.004,1.259,0,0,0,346
max-potato,ADAPTATION,5,,chari+silage,210,214,1.17,3.792,6,0.6,0.006,2.335,0,0,0,385
max-potato,ADAPTATION,6,,chari+silage,210,214,1.4,4.41,3,0.815,0.009,4.515,0,0,0,445
max-potato,ADAPTATION,7,,chari+silage,210,214,1.4,4.41,3,0.815,0.009,4.515,0,0,0,445
max-potato,INGREDIENT_RAMP,1,Potato,chari+silage,210,214,1.4,2.723,3.0,0.627,0.01,9.527,1.489,0.027,0.0001,429
max-potato,INGREDIENT_RAMP,2,Potato,chari+silage,210,214,1.4,2.723,3.0,0.627,0.01,8.425,2.978,0.027,0.0001,428
max-potato,INGREDIENT_RAMP,3,Potato,chari+silage,210,214,1.4,2.723,3.0,0.627,0.01,7.323,4.467,0.027,0.0001,427
max-potato,INGREDIENT_RAMP,4,Potato,chari+silage,210,214,1.4,2.723,3.0,0.627,0.01,6.221,5.956,0.027,0.0001,427
max-potato,INGREDIENT_RAMP,5,Potato,chari+silage,210,214,1.4,2.723,3.0,0.627,0.01,5.119,7.445,0.027,0.0001,426
max-potato,STEADY,,,chari+silage,210,214,1.4,2.723,3.0,0.627,0.01,5.119,7.445,0.027,0.0001,426
max-potato,ADAPTATION,1,,chari+silage,215,219,0.4,2.379,3.163,0.9,0,0,0,0,0,230
max-potato,ADAPTATION,2,,chari+silage,215,219,0.58,2.682,4.474,0.85,0,0,0,0,0,262
max-potato,ADAPTATION,3,,chari+silage,215,219,0.78,3.034,6,0.78,0.001,0,0,0,0,298
max-potato,ADAPTATION,4,,chari+silage,215,219,0.96,3.384,6,0.7,0.003,1.126,0,0,0,339
max-potato,ADAPTATION,5,,chari+silage,215,219,1.15,3.731,6,0.631,0.006,2.283,0,0,0,381
max-potato,ADAPTATION,6,,chari+silage,215,219,1.4,4.338,3,0.745,0.01,5.398,0,0,0,452
max-potato,ADAPTATION,7,,chari+silage,215,219,1.4,4.338,3,0.745,0.01,5.398,0,0,0,452
max-potato,INGREDIENT_RAMP,1,Potato,chari+silage,215,219,1.4,2.574,2.847,0.6,0.013,10.487,1.686,0.03,0.0001,434
max-potato,INGREDIENT_RAMP,2,Potato,chari+silage,215,219,1.4,2.574,2.847,0.6,0.013,9.24,3.371,0.03,0.0001,433
max-potato,INGREDIENT_RAMP,3,Potato,chari+silage,215,219,1.4,2.574,2.847,0.6,0.013,7.993,5.057,0.03,0.0001,432
max-potato,INGREDIENT_RAMP,4,Potato,chari+silage,215,219,1.4,2.574,2.847,0.6,0.013,6.745,6.742,0.03,0.0001,432
max-potato,INGREDIENT_RAMP,5,Potato,chari+silage,215,219,1.4,2.574,2.847,0.6,0.013,5.498,8.428,0.03,0.0001,431
max-potato,STEADY,,,chari+silage,215,219,1.4,2.574,2.847,0.6,0.013,5.498,8.428,0.03,0.0001,431
max-potato,ADAPTATION,1,,chari+silage,220,224,0.4,2.419,3.298,0.9,0,0,0,0,0,234
max-potato,ADAPTATION,2,,chari+silage,220,224,0.58,2.727,4.626,0.85,0,0,0,0,0,266
max-potato,ADAPTATION,3,,chari+silage,220,224,0.78,3.087,6,0.81,0.001,0.052,0,0,0,304
max-potato,ADAPTATION,4,,chari+silage,220,224,0.97,3.44,6,0.731,0.003,1.202,0,0,0,346
max-potato,ADAPTATION,5,,chari+silage,220,224,1.15,3.793,6,0.632,0.006,2.43,0,0,0,388
max-potato,ADAPTATION,6,,chari+silage,220,224,1.4,4.411,3,0.746,0.011,5.568,0,0,0,460
max-potato,ADAPTATION,7,,chari+silage,220,224,1.4,4.411,3,0.746,0.011,5.568,0,0,0,460
max-potato,INGREDIENT_RAMP,1,Potato,chari+silage,220,224,1.4,2.613,2.962,0.6,0.013,10.653,1.717,0.031,0.0002,441
max-potato,INGREDIENT_RAMP,2,Potato,chari+silage,220,224,1.4,2.613,2.962,0.6,0.013,9.382,3.434,0.031,0.0002,441
max-potato,INGREDIENT_RAMP,3,Potato,chari+silage,220,224,1.4,2.613,2.962,0.6,0.013,8.112,5.152,0.031,0.0002,440
max-potato,INGREDIENT_RAMP,4,Potato,chari+silage,220,224,1.4,2.613,2.962,0.6,0.013,6.841,6.869,0.031,0.0002,439
max-potato,INGREDIENT_RAMP,5,Potato,chari+silage,220,224,1.4,2.613,2.962,0.6,0.013,5.57,8.586,0.031,0.0002,438
max-potato,STEADY,,,chari+silage,220,224,1.4,2.613,2.962,0.6,0.013,5.57,8.586,0.031,0.0002,438
max-potato,ADAPTATION,1,,chari+silage,225,229,0.4,2.457,3.43,0.9,0,0,0,0,0,238
max-potato,ADAPTATION,2,,chari+silage,225,229,0.58,2.771,4.776,0.85,0.001,0,0,0,0,271
max-potato,ADAPTATION,3,,chari+silage,225,229,0.78,3.137,6,0.811,0.001,0.168,0,0,0,310
max-potato,ADAPTATION,4,,chari+silage,225,229,0.96,3.495,6,0.732,0.004,1.332,0,0,0,352
max-potato,ADAPTATION,5,,chari+silage,225,229,1.15,3.854,6,0.632,0.006,2.573,0,0,0,395
max-potato,ADAPTATION,6,,chari+silage,225,229,1.4,4.481,3,0.742,0.011,5.752,0,0,0,468
max-potato,ADAPTATION,7,,chari+silage,225,229,1.4,4.481,3,0.742,0.011,5.752,0,0,0,468
max-potato,INGREDIENT_RAMP,1,Potato,chari+silage,225,229,1.4,2.656,3.0,0.611,0.013,10.825,1.744,0.031,0.0002,448
max-potato,INGREDIENT_RAMP,2,Potato,chari+silage,225,229,1.4,2.656,3.0,0.611,0.013,9.534,3.489,0.031,0.0002,448
max-potato,INGREDIENT_RAMP,3,Potato,chari+silage,225,229,1.4,2.656,3.0,0.611,0.013,8.244,5.233,0.031,0.0002,447
max-potato,INGREDIENT_RAMP,4,Potato,chari+silage,225,229,1.4,2.656,3.0,0.611,0.013,6.953,6.977,0.031,0.0002,446
max-potato,INGREDIENT_RAMP,5,Potato,chari+silage,225,229,1.4,2.656,3.0,0.611,0.013,5.662,8.721,0.031,0.0002,445
max-potato,STEADY,,,chari+silage,225,229,1.4,2.656,3.0,0.611,0.013,5.662,8.721,0.031,0.0002,445
max-potato,ADAPTATION,1,,chari+silage,230,234,0.41,2.495,3.56,0.9,0,0,0,0,0,242
max-potato,ADAPTATION,2,,chari+silage,230,234,0.59,2.814,4.921,0.85,0.001,0,0,0,0,275
max-potato,ADAPTATION,3,,chari+silage,230,234,0.78,3.185,6,0.811,0.002,0.282,0,0,0,315
max-potato,ADAPTATION,4,,chari+silage,230,234,0.96,3.549,6,0.732,0.004,1.459,0,0,0,358
max-potato,ADAPTATION,5,,chari+silage,230,234,1.15,3.913,6,0.633,0.006,2.713,0,0,0,401
max-potato,ADAPTATION,6,,chari+silage,230,234,1.4,4.55,3,0.733,0.012,5.95,0,0,0,476
max-potato,ADAPTATION,7,,chari+silage,230,234,1.4,4.55,3,0.733,0.012,5.95,0,0,0,476
max-potato,INGREDIENT_RAMP,1,Potato,chari+silage,230,234,1.4,2.7,3.0,0.628,0.014,11.001,1.769,0.032,0.0002,456
max-potato,INGREDIENT_RAMP,2,Potato,chari+silage,230,234,1.4,2.7,3.0,0.628,0.014,9.692,3.538,0.032,0.0002,455
max-potato,INGREDIENT_RAMP,3,Potato,chari+silage,230,234,1.4,2.7,3.0,0.628,0.014,8.383,5.307,0.032,0.0002,454
max-potato,INGREDIENT_RAMP,4,Potato,chari+silage,230,234,1.4,2.7,3.0,0.628,0.014,7.074,7.076,0.032,0.0002,453
max-potato,INGREDIENT_RAMP,5,Potato,chari+silage,230,234,1.4,2.7,3.0,0.628,0.014,5.765,8.846,0.032,0.0002,452
max-potato,STEADY,,,chari+silage,230,234,1.4,2.7,3.0,0.628,0.014,5.765,8.846,0.032,0.0002,452
max-potato,ADAPTATION,1,,chari+silage,235,239,0.41,2.532,3.686,0.9,0,0,0,0,0,245
max-potato,ADAPTATION,2,,chari+silage,235,239,0.59,2.855,5.063,0.85,0.001,0,0,0,0,279
max-potato,ADAPTATION,3,,chari+silage,235,239,0.78,3.232,6,0.812,0.002,0.393,0,0,0,320
max-potato,ADAPTATION,4,,chari+silage,235,239,0.96,3.602,6,0.733,0.004,1.582,0,0,0,364
max-potato,ADAPTATION,5,,chari+silage,235,239,1.14,3.971,6,0.633,0.007,2.85,0,0,0,408
max-potato,ADAPTATION,6,,chari+silage,235,239,1.4,4.618,3,0.72,0.012,6.164,0,0,0,484
max-potato,ADAPTATION,7,,chari+silage,235,239,1.4,4.618,3,0.72,0.012,6.164,0,0,0,484
max-potato,INGREDIENT_RAMP,1,Potato,chari+silage,235,239,1.4,2.744,3.0,0.644,0.014,11.177,1.794,0.032,0.0002,463
max-potato,INGREDIENT_RAMP,2,Potato,chari+silage,235,239,1.4,2.744,3.0,0.644,0.014,9.849,3.588,0.032,0.0002,462
max-potato,INGREDIENT_RAMP,3,Potato,chari+silage,235,239,1.4,2.744,3.0,0.644,0.014,8.522,5.382,0.032,0.0002,461
max-potato,INGREDIENT_RAMP,4,Potato,chari+silage,235,239,1.4,2.744,3.0,0.644,0.014,7.194,7.176,0.032,0.0002,460
max-potato,INGREDIENT_RAMP,5,Potato,chari+silage,235,239,1.4,2.744,3.0,0.644,0.014,5.867,8.969,0.032,0.0002,459
max-potato,STEADY,,,chari+silage,235,239,1.4,2.744,3.0,0.644,0.014,5.867,8.969,0.032,0.0002,459
max-potato,ADAPTATION,1,,chari+silage,240,244,0.41,2.568,3.808,0.9,0,0,0,0,0,249
max-potato,ADAPTATION,2,,chari+silage,240,244,0.59,2.896,5.202,0.85,0.001,0,0,0,0,284
max-potato,ADAPTATION,3,,chari+silage,240,244,0.78,3.278,6,0.812,0.002,0.501,0,0,0,325
max-potato,ADAPTATION,4,,chari+silage,240,244,0.96,3.653,6,0.733,0.004,1.703,0,0,0,369
max-potato,ADAPTATION,5,,chari+silage,240,244,1.14,4.028,6,0.634,0.007,2.983,0,0,0,414
max-potato,ADAPTATION,6,,chari+silage,240,244,1.4,4.683,3,0.701,0.012,6.393,0,0,0,492
max-potato,ADAPTATION,7,,chari+silage,240,244,1.4,4.683,3,0.701,0.012,6.393,0,0,0,492
max-potato,INGREDIENT_RAMP,1,Potato,chari+silage,240,244,1.4,2.786,3.0,0.66,0.014,11.346,1.818,0.033,0.0002,469
max-potato,INGREDIENT_RAMP,2,Potato,chari+silage,240,244,1.4,2.786,3.0,0.66,0.014,10.001,3.635,0.033,0.0002,468
max-potato,INGREDIENT_RAMP,3,Potato,chari+silage,240,244,1.4,2.786,3.0,0.66,0.014,8.655,5.453,0.033,0.0002,468
max-potato,INGREDIENT_RAMP,4,Potato,chari+silage,240,244,1.4,2.786,3.0,0.66,0.014,7.31,7.271,0.033,0.0002,467
max-potato,INGREDIENT_RAMP,5,Potato,chari+silage,240,244,1.4,2.786,3.0,0.66,0.014,5.965,9.089,0.033,0.0002,466
max-potato,STEADY,,,chari+silage,240,244,1.4,2.786,3.0,0.66,0.014,5.965,9.089,0.033,0.0002,466
max-potato,ADAPTATION,1,,chari+silage,245,249,0.41,2.603,3.928,0.9,0,0,0,0,0,253
max-potato,ADAPTATION,2,,chari+silage,245,249,0.59,2.935,5.337,0.85,0.001,0,0,0,0,288
max-potato,ADAPTATION,3,,chari+silage,245,249,0.78,3.323,6,0.813,0.002,0.606,0,0,0,330
max-potato,ADAPTATION,4,,chari+silage,245,249,0.96,3.703,6,0.734,0.005,1.82,0,0,0,375
max-potato,ADAPTATION,5,,chari+silage,245,249,1.14,4.083,6,0.634,0.007,3.113,0,0,0,420
max-potato,ADAPTATION,6,,chari+silage,245,249,1.4,4.747,3,0.678,0.013,6.636,0,0,0,500
max-potato,ADAPTATION,7,,chari+silage,245,249,1.4,4.747,3,0.678,0.013,6.636,0,0,0,500
max-potato,INGREDIENT_RAMP,1,Potato,chari+silage,245,249,1.4,2.828,3.0,0.676,0.014,11.513,1.841,0.033,0.0002,476
max-potato,INGREDIENT_RAMP,2,Potato,chari+silage,245,249,1.4,2.828,3.0,0.676,0.014,10.151,3.683,0.033,0.0002,475
max-potato,INGREDIENT_RAMP,3,Potato,chari+silage,245,249,1.4,2.828,3.0,0.676,0.014,8.788,5.524,0.033,0.0002,474
max-potato,INGREDIENT_RAMP,4,Potato,chari+silage,245,249,1.4,2.828,3.0,0.676,0.014,7.426,7.366,0.033,0.0002,473
max-potato,INGREDIENT_RAMP,5,Potato,chari+silage,245,249,1.4,2.828,3.0,0.676,0.014,6.063,9.207,0.033,0.0002,472
max-potato,STEADY,,,chari+silage,245,249,1.4,2.828,3.0,0.676,0.014,6.063,9.207,0.033,0.0002,472
max-potato,ADAPTATION,1,,chari+silage,250,254,0.41,2.637,4.045,0.9,0,0,0,0,0,256
max-potato,ADAPTATION,2,,chari+silage,250,254,0.58,2.974,5.468,0.85,0.001,0,0,0,0,292
max-potato,ADAPTATION,3,,chari+silage,250,254,0.77,3.367,6,0.813,0.002,0.708,0,0,0,335
max-potato,ADAPTATION,4,,chari+silage,250,254,0.95,3.751,6,0.734,0.005,1.935,0,0,0,380
max-potato,ADAPTATION,5,,chari+silage,250,254,1.14,4.136,6,0.635,0.007,3.239,0,0,0,426
max-potato,ADAPTATION,6,,chari+silage,250,254,1.4,4.809,3,0.649,0.013,6.896,0,0,0,508
max-potato,ADAPTATION,7,,chari+silage,250,254,1.4,4.809,3,0.649,0.013,6.896,0,0,0,508
max-potato,INGREDIENT_RAMP,1,Potato,chari+silage,250,254,1.4,2.868,3.0,0.691,0.014,11.677,1.865,0.033,0.0002,483
max-potato,INGREDIENT_RAMP,2,Potato,chari+silage,250,254,1.4,2.868,3.0,0.691,0.014,10.297,3.729,0.033,0.0002,482
max-potato,INGREDIENT_RAMP,3,Potato,chari+silage,250,254,1.4,2.868,3.0,0.691,0.014,8.918,5.594,0.033,0.0002,481
max-potato,INGREDIENT_RAMP,4,Potato,chari+silage,250,254,1.4,2.868,3.0,0.691,0.014,7.538,7.458,0.033,0.0002,480
max-potato,INGREDIENT_RAMP,5,Potato,chari+silage,250,254,1.4,2.868,3.0,0.691,0.014,6.158,9.323,0.033,0.0002,479
max-potato,STEADY,,,chari+silage,250,254,1.4,2.868,3.0,0.691,0.014,6.158,9.323,0.033,0.0002,479
max-potato,ADAPTATION,1,,chari+silage,255,259,0.41,2.671,4.158,0.9,0,0,0,0,0,260
max-potato,ADAPTATION,2,,chari+silage,255,259,0.58,3.011,5.596,0.85,0.001,0,0,0,0,295
max-potato,ADAPTATION,3,,chari+silage,255,259,0.77,3.409,6,0.814,0.003,0.808,0,0,0,340
max-potato,ADAPTATION,4,,chari+silage,255,259,0.95,3.799,6,0.735,0.005,2.046,0,0,0,385
max-potato,ADAPTATION,5,,chari+silage,255,259,1.13,4.188,6,0.635,0.008,3.361,0,0,0,432
max-potato,ADAPTATION,6,,chari+silage,255,259,1.4,4.87,3,0.616,0.014,7.17,0,0,0,515
max-potato,ADAPTATION,7,,chari+silage,255,259,1.4,4.87,3,0.616,0.014,7.17,0,0,0,515
max-potato,INGREDIENT_RAMP,1,Potato,chari+silage,255,259,1.4,2.909,3.0,0.707,0.014,11.839,1.887,0.034,0.0002,489
max-potato,INGREDIENT_RAMP,2,Potato,chari+silage,255,259,1.4,2.909,3.0,0.707,0.014,10.443,3.775,0.034,0.0002,488
max-potato,INGREDIENT_RAMP,3,Potato,chari+silage,255,259,1.4,2.909,3.0,0.707,0.014,9.046,5.662,0.034,0.0002,487
max-potato,INGREDIENT_RAMP,4,Potato,chari+silage,255,259,1.4,2.909,3.0,0.707,0.014,7.649,7.55,0.034,0.0002,486
max-potato,INGREDIENT_RAMP,5,Potato,chari+silage,255,259,1.4,2.909,3.0,0.707,0.014,6.253,9.437,0.034,0.0002,485
max-potato,STEADY,,,chari+silage,255,259,1.4,2.909,3.0,0.707,0.014,6.253,9.437,0.034,0.0002,485
max-potato,ADAPTATION,1,,chari+silage,260,264,0.41,2.703,4.268,0.9,0,0,0,0,0,263
max-potato,ADAPTATION,2,,chari+silage,260,264,0.58,3.048,5.72,0.85,0.001,0,0,0,0,299
max-potato,ADAPTATION,3,,chari+silage,260,264,0.77,3.45,6,0.814,0.003,0.904,0,0,0,344
max-potato,ADAPTATION,4,,chari+silage,260,264,0.95,3.845,6,0.735,0.005,2.154,0,0,0,390
max-potato,ADAPTATION,5,,chari+silage,260,264,1.13,4.239,6,0.636,0.008,3.481,0,0,0,437
max-potato,ADAPTATION,6,,chari+silage,260,264,1.4,4.929,3,0.577,0.015,7.461,0,0,0,523
max-potato,ADAPTATION,7,,chari+silage,260,264,1.4,4.929,3,0.577,0.015,7.461,0,0,0,523
max-potato,INGREDIENT_RAMP,1,Potato,chari+silage,260,264,1.4,2.949,3.0,0.722,0.015,11.997,1.91,0.034,0.0002,496
max-potato,INGREDIENT_RAMP,2,Potato,chari+silage,260,264,1.4,2.949,3.0,0.722,0.015,10.584,3.819,0.034,0.0002,495
max-potato,INGREDIENT_RAMP,3,Potato,chari+silage,260,264,1.4,2.949,3.0,0.722,0.015,9.171,5.729,0.034,0.0002,494
max-potato,INGREDIENT_RAMP,4,Potato,chari+silage,260,264,1.4,2.949,3.0,0.722,0.015,7.758,7.639,0.034,0.0002,493
max-potato,INGREDIENT_RAMP,5,Potato,chari+silage,260,264,1.4,2.949,3.0,0.722,0.015,6.345,9.549,0.034,0.0002,492
max-potato,STEADY,,,chari+silage,260,264,1.4,2.949,3.0,0.722,0.015,6.345,9.549,0.034,0.0002,492
max-potato,ADAPTATION,1,,chari+silage,265,269,0.4,2.734,4.375,0.9,0,0,0,0,0,266
max-potato,ADAPTATION,2,,chari+silage,265,269,0.58,3.083,5.84,0.85,0.001,0,0,0,0,303
max-potato,ADAPTATION,3,,chari+silage,265,269,0.76,3.49,6,0.815,0.003,0.998,0,0,0,349
max-potato,ADAPTATION,4,,chari+silage,265,269,0.94,3.889,6,0.736,0.005,2.258,0,0,0,395
max-potato,ADAPTATION,5,,chari+silage,265,269,1.12,4.288,6,0.636,0.008,3.596,0,0,0,443
max-potato,ADAPTATION,6,,chari+silage,265,269,1.4,4.986,3,0.533,0.015,7.768,0,0,0,531
max-potato,ADAPTATION,7,,chari+silage,265,269,1.4,4.986,3,0.533,0.015,7.768,0,0,0,531
max-potato,INGREDIENT_RAMP,1,Potato,chari+silage,265,269,1.4,2.987,3.0,0.736,0.015,12.152,1.932,0.035,0.0002,502
max-potato,INGREDIENT_RAMP,2,Potato,chari+silage,265,269,1.4,2.987,3.0,0.736,0.015,10.723,3.863,0.035,0.0002,501
max-potato,INGREDIENT_RAMP,3,Potato,chari+silage,265,269,1.4,2.987,3.0,0.736,0.015,9.294,5.795,0.035,0.0002,500
max-potato,INGREDIENT_RAMP,4,Potato,chari+silage,265,269,1.4,2.987,3.0,0.736,0.015,7.864,7.726,0.035,0.0002,499
max-potato,INGREDIENT_RAMP,5,Potato,chari+silage,265,269,1.4,2.987,3.0,0.736,0.015,6.435,9.658,0.035,0.0002,498
max-potato,STEADY,,,chari+silage,265,269,1.4,2.987,3.0,0.736,0.015,6.435,9.658,0.035,0.0002,498
max-potato,ADAPTATION,1,,chari+silage,270,274,0.4,2.765,4.479,0.9,0,0,0,0,0,269
max-potato,ADAPTATION,2,,chari+silage,270,274,0.58,3.117,5.957,0.85,0.001,0,0,0,0,306
max-potato,ADAPTATION,3,,chari+silage,270,274,0.76,3.529,6,0.815,0.003,1.089,0,0,0,353
max-potato,ADAPTATION,4,,chari+silage,270,274,0.94,3.932,6,0.736,0.006,2.36,0,0,0,400
max-potato,ADAPTATION,5,,chari+silage,270,274,1.12,4.336,6,0.637,0.008,3.708,0,0,0,448
max-potato,ADAPTATION,6,,chari+silage,270,274,1.4,5.041,3,0.483,0.016,8.09,0,0,0,538
max-potato,ADAPTATION,7,,chari+silage,270,274,1.4,5.041,3,0.483,0.016,8.09,0,0,0,538
max-potato,INGREDIENT_RAMP,1,Potato,chari+silage,270,274,1.4,3.025,3.0,0.75,0.015,12.302,1.953,0.035,0.0002,508
max-potato,INGREDIENT_RAMP,2,Potato,chari+silage,270,274,1.4,3.025,3.0,0.75,0.015,10.857,3.905,0.035,0.0002,507
max-potato,INGREDIENT_RAMP,3,Potato,chari+silage,270,274,1.4,3.025,3.0,0.75,0.015,9.412,5.858,0.035,0.0002,506
max-potato,INGREDIENT_RAMP,4,Potato,chari+silage,270,274,1.4,3.025,3.0,0.75,0.015,7.967,7.811,0.035,0.0002,505
max-potato,INGREDIENT_RAMP,5,Potato,chari+silage,270,274,1.4,3.025,3.0,0.75,0.015,6.522,9.764,0.035,0.0002,504
max-potato,STEADY,,,chari+silage,270,274,1.4,3.025,3.0,0.75,0.015,6.522,9.764,0.035,0.0002,504
max-potato,ADAPTATION,1,,chari+silage,275,279,0.4,2.794,4.579,0.9,0,0,0,0,0,272
max-potato,ADAPTATION,2,,chari+silage,275,279,0.57,3.154,6,0.865,0.001,0,0,0,0,310
max-potato,ADAPTATION,3,,chari+silage,275,279,0.76,3.567,6,0.816,0.003,1.178,0,0,0,357
max-potato,ADAPTATION,4,,chari+silage,275,279,0.94,3.974,6,0.736,0.006,2.458,0,0,0,405
max-potato,ADAPTATION,5,,chari+silage,275,279,1.11,4.382,6,0.637,0.009,3.817,0,0,0,453
max-potato,ADAPTATION,6,,chari+silage,275,279,1.4,5.095,3,0.429,0.017,8.429,0,0,0,546
max-potato,ADAPTATION,7,,chari+silage,275,279,1.4,5.095,3,0.429,0.017,8.429,0,0,0,546
max-potato,INGREDIENT_RAMP,1,Potato,chari+silage,275,279,1.4,3.062,3.0,0.764,0.015,12.452,1.974,0.035,0.0002,514
max-potato,INGREDIENT_RAMP,2,Potato,chari+silage,275,279,1.4,3.062,3.0,0.764,0.015,10.991,3.948,0.035,0.0002,513
max-potato,INGREDIENT_RAMP,3,Potato,chari+silage,275,279,1.4,3.062,3.0,0.764,0.015,9.531,5.922,0.035,0.0002,512
max-potato,INGREDIENT_RAMP,4,Potato,chari+silage,275,279,1.4,3.062,3.0,0.764,0.015,8.07,7.896,0.035,0.0002,511
max-potato,INGREDIENT_RAMP,5,Potato,chari+silage,275,279,1.4,3.062,3.0,0.764,0.015,6.609,9.869,0.035,0.0002,510
max-potato,STEADY,,,chari+silage,275,279,1.4,3.062,3.0,0.764,0.015,6.609,9.869,0.035,0.0002,510
max-potato,ADAPTATION,1,,chari+silage,280,284,0.4,2.822,4.676,0.9,0,0,0,0,0,275
max-potato,ADAPTATION,2,,chari+silage,280,284,0.57,3.191,6,0.885,0.001,0.011,0,0,0,313
max-potato,ADAPTATION,3,,chari+silage,280,284,0.75,3.603,6,0.816,0.003,1.263,0,0,0,361
max-potato,ADAPTATION,4,,chari+silage,280,284,0.93,4.015,6,0.737,0.006,2.554,0,0,0,409
max-potato,ADAPTATION,5,,chari+silage,280,284,1.11,4.427,6,0.638,0.009,3.922,0,0,0,458
max-potato,ADAPTATION,6,,chari+silage,280,284,1.4,5.147,3,0.369,0.017,8.785,0,0,0,553
max-potato,ADAPTATION,7,,chari+silage,280,284,1.4,5.147,3,0.369,0.017,8.785,0,0,0,553
max-potato,INGREDIENT_RAMP,1,Potato,chari+silage,280,284,1.4,3.098,3.0,0.778,0.015,12.598,1.994,0.036,0.0002,520
max-potato,INGREDIENT_RAMP,2,Potato,chari+silage,280,284,1.4,3.098,3.0,0.778,0.015,11.122,3.989,0.036,0.0002,519
max-potato,INGREDIENT_RAMP,3,Potato,chari+silage,280,284,1.4,3.098,3.0,0.778,0.015,9.646,5.983,0.036,0.0002,518
max-potato,INGREDIENT_RAMP,4,Potato,chari+silage,280,284,1.4,3.098,3.0,0.778,0.015,8.17,7.978,0.036,0.0002,517
max-potato,INGREDIENT_RAMP,5,Potato,chari+silage,280,284,1.4,3.098,3.0,0.778,0.015,6.694,9.972,0.036,0.0002,516
max-potato,STEADY,,,chari+silage,280,284,1.4,3.098,3.0,0.778,0.015,6.694,9.972,0.036,0.0002,516
max-potato,ADAPTATION,1,,chari+silage,285,289,0.4,2.85,4.77,0.9,0,0,0,0,0,278
max-potato,ADAPTATION,2,,chari+silage,285,289,0.57,3.222,6,0.886,0.001,0.084,0,0,0,317
max-potato,ADAPTATION,3,,chari+silage,285,289,0.75,3.638,6,0.817,0.004,1.345,0,0,0,365
max-potato,ADAPTATION,4,,chari+silage,285,289,0.93,4.054,6,0.737,0.006,2.646,0,0,0,414
max-potato,ADAPTATION,5,,chari+silage,285,289,1.1,4.47,6,0.638,0.009,4.024,0,0,0,463
max-potato,ADAPTATION,6,,chari+silage,285,289,1.4,5.198,3,0.304,0.018,9.157,0,0,0,561
max-potato,ADAPTATION,7,,chari+silage,285,289,1.4,5.198,3,0.304,0.018,9.157,0,0,0,561
max-potato,INGREDIENT_RAMP,1,Potato,chari+silage,285,289,1.4,3.134,3.0,0.792,0.015,12.742,2.015,0.036,0.0002,526
max-potato,INGREDIENT_RAMP,2,Potato,chari+silage,285,289,1.4,3.134,3.0,0.792,0.015,11.251,4.03,0.036,0.0002,524
max-potato,INGREDIENT_RAMP,3,Potato,chari+silage,285,289,1.4,3.134,3.0,0.792,0.015,9.76,6.044,0.036,0.0002,523
max-potato,INGREDIENT_RAMP,4,Potato,chari+silage,285,289,1.4,3.134,3.0,0.792,0.015,8.269,8.059,0.036,0.0002,522
max-potato,INGREDIENT_RAMP,5,Potato,chari+silage,285,289,1.4,3.134,3.0,0.792,0.015,6.778,10.074,0.036,0.0002,521
max-potato,STEADY,,,chari+silage,285,289,1.4,3.134,3.0,0.792,0.015,6.778,10.074,0.036,0.0002,521
max-potato,ADAPTATION,1,,chari+silage,290,294,0.42,2.946,5.098,0.9,0.001,0,0,0,0,288
max-potato,ADAPTATION,2,,chari+silage,290,294,0.6,3.331,6,0.886,0.002,0.342,0,0,0,329
max-potato,ADAPTATION,3,,chari+silage,290,294,0.78,3.761,6,0.817,0.004,1.636,0,0,0,379
max-potato,ADAPTATION,4,,chari+silage,290,294,0.96,4.191,6,0.738,0.007,2.97,0,0,0,429
max-potato,ADAPTATION,5,,chari+silage,290,294,1.14,4.62,6,0.639,0.01,4.382,0,0,0,480
max-potato,ADAPTATION,6,,chari+silage,290,294,1.4,5.373,3,0.3,0.018,8.908,0,0,0,569
max-potato,ADAPTATION,7,,chari+silage,290,294,1.4,5.373,3,0.3,0.018,8.908,0,0,0,569
max-potato,INGREDIENT_RAMP,1,Potato,chari+silage,290,294,1.4,3.169,3.0,0.805,0.015,12.88,2.034,0.037,0.0002,531
max-potato,INGREDIENT_RAMP,2,Potato,chari+silage,290,294,1.4,3.169,3.0,0.805,0.015,11.375,4.069,0.037,0.0002,530
max-potato,INGREDIENT_RAMP,3,Potato,chari+silage,290,294,1.4,3.169,3.0,0.805,0.015,9.87,6.103,0.037,0.0002,529
max-potato,INGREDIENT_RAMP,4,Potato,chari+silage,290,294,1.4,3.169,3.0,0.805,0.015,8.364,8.137,0.037,0.0002,528
max-potato,INGREDIENT_RAMP,5,Potato,chari+silage,290,294,1.4,3.169,3.0,0.805,0.015,6.859,10.172,0.037,0.0002,527
max-potato,STEADY,,,chari+silage,290,294,1.4,3.169,3.0,0.805,0.015,6.859,10.172,0.037,0.0002,527
max-potato,ADAPTATION,1,,chari+silage,295,299,0.42,2.976,5.2,0.9,0.001,0,0,0,0,291
max-potato,ADAPTATION,2,,chari+silage,295,299,0.59,3.365,6,0.887,0.002,0.421,0,0,0,333
max-potato,ADAPTATION,3,,chari+silage,295,299,0.78,3.799,6,0.818,0.004,1.726,0,0,0,383
max-potato,ADAPTATION,4,,chari+silage,295,299,0.96,4.233,6,0.739,0.007,3.07,0,0,0,434
max-potato,ADAPTATION,5,,chari+silage,295,299,1.13,4.667,6,0.639,0.01,4.492,0,0,0,485
max-potato,ADAPTATION,6,,chari+silage,295,299,1.39,5.427,3,0.3,0.018,9.035,0,0,0,575
max-potato,ADAPTATION,7,,chari+silage,295,299,1.39,5.427,3,0.3,0.018,9.035,0,0,0,575
max-potato,INGREDIENT_RAMP,1,Potato,chari+silage,295,299,1.39,3.203,3.0,0.818,0.015,13.016,2.054,0.037,0.0002,537
max-potato,INGREDIENT_RAMP,2,Potato,chari+silage,295,299,1.39,3.203,3.0,0.818,0.015,11.496,4.107,0.037,0.0002,535
max-potato,INGREDIENT_RAMP,3,Potato,chari+silage,295,299,1.39,3.203,3.0,0.818,0.015,9.977,6.161,0.037,0.0002,534
max-potato,INGREDIENT_RAMP,4,Potato,chari+silage,295,299,1.39,3.203,3.0,0.818,0.015,8.457,8.214,0.037,0.0002,533
max-potato,INGREDIENT_RAMP,5,Potato,chari+silage,295,299,1.39,3.203,3.0,0.818,0.015,6.938,10.268,0.037,0.0002,532
max-potato,STEADY,,,chari+silage,295,299,1.39,3.203,3.0,0.818,0.015,6.938,10.268,0.037,0.0002,532
max-potato,ADAPTATION,1,,chari+silage,300,304,0.42,3.005,5.3,0.9,0.001,0,0,0,0,294
max-potato,ADAPTATION,2,,chari+silage,300,304,0.59,3.398,6,0.887,0.002,0.498,0,0,0,336
max-potato,ADAPTATION,3,,chari+silage,300,304,0.77,3.836,6,0.818,0.004,1.813,0,0,0,387
max-potato,ADAPTATION,4,,chari+silage,300,304,0.95,4.275,6,0.739,0.007,3.168,0,0,0,438
max-potato,ADAPTATION,5,,chari+silage,300,304,1.13,4.713,6,0.64,0.01,4.6,0,0,0,490
max-potato,ADAPTATION,6,,chari+silage,300,304,1.39,5.48,3,0.3,0.019,9.159,0,0,0,581
max-potato,ADAPTATION,7,,chari+silage,300,304,1.39,5.48,3,0.3,0.019,9.159,0,0,0,581
max-potato,INGREDIENT_RAMP,1,Potato,chari+silage,300,304,1.39,3.236,3.0,0.83,0.016,13.149,2.072,0.037,0.0002,542
max-potato,INGREDIENT_RAMP,2,Potato,chari+silage,300,304,1.39,3.236,3.0,0.83,0.016,11.615,4.145,0.037,0.0002,541
max-potato,INGREDIENT_RAMP,3,Potato,chari+silage,300,304,1.39,3.236,3.0,0.83,0.016,10.082,6.217,0.037,0.0002,540
max-potato,INGREDIENT_RAMP,4,Potato,chari+silage,300,304,1.39,3.236,3.0,0.83,0.016,8.548,8.289,0.037,0.0002,539
max-potato,INGREDIENT_RAMP,5,Potato,chari+silage,300,304,1.39,3.236,3.0,0.83,0.016,7.015,10.361,0.037,0.0002,538
max-potato,STEADY,,,chari+silage,300,304,1.39,3.236,3.0,0.83,0.016,7.015,10.361,0.037,0.0002,538
max-potato,ADAPTATION,1,,chari+silage,305,309,0.42,3.034,5.397,0.9,0.001,0,0,0,0,297
max-potato,ADAPTATION,2,,chari+silage,305,309,0.59,3.43,6,0.888,0.002,0.573,0,0,0,340
max-potato,ADAPTATION,3,,chari+silage,305,309,0.77,3.873,6,0.819,0.005,1.898,0,0,0,391
max-potato,ADAPTATION,4,,chari+silage,305,309,0.95,4.315,6,0.739,0.007,3.263,0,0,0,443
max-potato,ADAPTATION,5,,chari+silage,305,309,1.12,4.758,6,0.64,0.01,4.705,0,0,0,495
max-potato,ADAPTATION,6,,chari+silage,305,309,1.38,5.532,3,0.3,0.019,9.28,0,0,0,587
max-potato,ADAPTATION,7,,chari+silage,305,309,1.38,5.532,3,0.3,0.019,9.28,0,0,0,587
max-potato,INGREDIENT_RAMP,1,Potato,chari+silage,305,309,1.38,3.269,3.0,0.842,0.016,13.279,2.091,0.038,0.0002,547
max-potato,INGREDIENT_RAMP,2,Potato,chari+silage,305,309,1.38,3.269,3.0,0.842,0.016,11.732,4.181,0.038,0.0002,546
max-potato,INGREDIENT_RAMP,3,Potato,chari+silage,305,309,1.38,3.269,3.0,0.842,0.016,10.185,6.272,0.038,0.0002,545
max-potato,INGREDIENT_RAMP,4,Potato,chari+silage,305,309,1.38,3.269,3.0,0.842,0.016,8.638,8.362,0.038,0.0002,544
max-potato,INGREDIENT_RAMP,5,Potato,chari+silage,305,309,1.38,3.269,3.0,0.842,0.016,7.091,10.453,0.038,0.0002,543
max-potato,STEADY,,,chari+silage,305,309,1.38,3.269,3.0,0.842,0.016,7.091,10.453,0.038,0.0002,543
max-potato,ADAPTATION,1,,chari+silage,310,314,0.42,3.072,5.529,0.9,0.001,0,0,0,0,301
max-potato,ADAPTATION,2,,chari+silage,310,314,0.59,3.474,6,0.888,0.002,0.676,0,0,0,345
max-potato,ADAPTATION,3,,chari+silage,310,314,0.77,3.922,6,0.819,0.005,2.015,0,0,0,397
max-potato,ADAPTATION,4,,chari+silage,310,314,0.95,4.37,6,0.74,0.008,3.393,0,0,0,449
max-potato,ADAPTATION,5,,chari+silage,310,314,1.13,4.819,6,0.641,0.011,4.848,0,0,0,502
max-potato,ADAPTATION,6,,chari+silage,310,314,1.39,5.603,3,0.3,0.019,9.442,0,0,0,595
max-potato,ADAPTATION,7,,chari+silage,310,314,1.39,5.603,3,0.3,0.019,9.442,0,0,0,595
max-potato,INGREDIENT_RAMP,1,Potato,chari+silage,310,314,1.39,3.313,3.0,0.859,0.016,13.455,2.115,0.038,0.0002,554
max-potato,INGREDIENT_RAMP,2,Potato,chari+silage,310,314,1.39,3.313,3.0,0.859,0.016,11.89,4.231,0.038,0.0002,553
max-potato,INGREDIENT_RAMP,3,Potato,chari+silage,310,314,1.39,3.313,3.0,0.859,0.016,10.324,6.346,0.038,0.0002,552
max-potato,INGREDIENT_RAMP,4,Potato,chari+silage,310,314,1.39,3.313,3.0,0.859,0.016,8.759,8.462,0.038,0.0002,551
max-potato,INGREDIENT_RAMP,5,Potato,chari+silage,310,314,1.39,3.313,3.0,0.859,0.016,7.193,10.577,0.038,0.0002,550
max-potato,STEADY,,,chari+silage,310,314,1.39,3.313,3.0,0.859,0.016,7.193,10.577,0.038,0.0002,550
max-potato,ADAPTATION,1,,chari+silage,315,319,0.43,3.122,5.698,0.9,0.001,0,0,0,0,306
max-potato,ADAPTATION,2,,chari+silage,315,319,0.59,3.53,6,0.889,0.002,0.808,0,0,0,351
max-potato,ADAPTATION,3,,chari+silage,315,319,0.78,3.985,6,0.82,0.005,2.164,0,0,0,404
max-potato,ADAPTATION,4,,chari+silage,315,319,0.95,4.441,6,0.74,0.008,3.559,0,0,0,457
max-potato,ADAPTATION,5,,chari+silage,315,319,1.13,4.896,6,0.641,0.011,5.031,0,0,0,510
max-potato,ADAPTATION,6,,chari+silage,315,319,1.39,5.693,3,0.3,0.02,9.647,0,0,0,605
max-potato,ADAPTATION,7,,chari+silage,315,319,1.39,5.693,3,0.3,0.02,9.647,0,0,0,605
max-potato,INGREDIENT_RAMP,1,Potato,chari+silage,315,319,1.39,3.368,3.0,0.88,0.016,13.678,2.147,0.039,0.0002,563
max-potato,INGREDIENT_RAMP,2,Potato,chari+silage,315,319,1.39,3.368,3.0,0.88,0.016,12.089,4.294,0.039,0.0002,562
max-potato,INGREDIENT_RAMP,3,Potato,chari+silage,315,319,1.39,3.368,3.0,0.88,0.016,10.501,6.441,0.039,0.0002,561
max-potato,INGREDIENT_RAMP,4,Potato,chari+silage,315,319,1.39,3.368,3.0,0.88,0.016,8.912,8.588,0.039,0.0002,560
max-potato,INGREDIENT_RAMP,5,Potato,chari+silage,315,319,1.39,3.368,3.0,0.88,0.016,7.323,10.735,0.039,0.0002,559
max-potato,STEADY,,,chari+silage,315,319,1.39,3.368,3.0,0.88,0.016,7.323,10.735,0.039,0.0002,559
max-potato,ADAPTATION,1,,chari+silage,320,324,0.42,3.136,5.745,0.9,0.001,0,0,0,0,307
max-potato,ADAPTATION,2,,chari+silage,320,324,0.58,3.545,6,0.889,0.003,0.844,0,0,0,353
max-potato,ADAPTATION,3,,chari+silage,320,324,0.77,4.003,6,0.82,0.005,2.204,0,0,0,405
max-potato,ADAPTATION,4,,chari+silage,320,324,0.94,4.46,6,0.741,0.008,3.604,0,0,0,459
max-potato,ADAPTATION,5,,chari+silage,320,324,1.12,4.918,6,0.642,0.011,5.081,0,0,0,512
max-potato,ADAPTATION,6,,chari+silage,320,324,1.4,5.718,3,0.3,0.02,10.064,0,0,0,613
max-potato,ADAPTATION,7,,chari+silage,320,324,1.4,5.718,3,0.3,0.02,10.064,0,0,0,613
max-potato,INGREDIENT_RAMP,1,Potato,chari+silage,320,324,1.4,3.424,3.0,0.901,0.016,13.901,2.178,0.039,0.0002,572
max-potato,INGREDIENT_RAMP,2,Potato,chari+silage,320,324,1.4,3.424,3.0,0.901,0.016,12.289,4.357,0.039,0.0002,571
max-potato,INGREDIENT_RAMP,3,Potato,chari+silage,320,324,1.4,3.424,3.0,0.901,0.016,10.677,6.535,0.039,0.0002,570
max-potato,INGREDIENT_RAMP,4,Potato,chari+silage,320,324,1.4,3.424,3.0,0.901,0.016,9.065,8.714,0.039,0.0002,569
max-potato,INGREDIENT_RAMP,5,Potato,chari+silage,320,324,1.4,3.424,3.0,0.901,0.016,7.453,10.892,0.039,0.0002,568
max-potato,STEADY,,,chari+silage,320,324,1.4,3.424,3.0,0.901,0.016,7.453,10.892,0.039,0.0002,568
max-potato,ADAPTATION,1,,chari+silage,325,329,0.41,3.155,5.811,0.9,0.001,0,0,0,0,309
max-potato,ADAPTATION,2,,chari+silage,325,329,0.58,3.567,6,0.889,0.003,0.894,0,0,0,355
max-potato,ADAPTATION,3,,chari+silage,325,329,0.76,4.027,6,0.82,0.005,2.261,0,0,0,408
max-potato,ADAPTATION,4,,chari+silage,325,329,0.93,4.488,6,0.741,0.008,3.668,0,0,0,462
max-potato,ADAPTATION,5,,chari+silage,325,329,1.11,4.948,6,0.642,0.011,5.152,0,0,0,516
max-potato,ADAPTATION,6,,chari+silage,325,329,1.4,5.753,3,0.398,0.02,10.122,0,0,0,620
max-potato,ADAPTATION,7,,chari+silage,325,329,1.4,5.753,3,0.398,0.02,10.122,0,0,0,620
max-potato,INGREDIENT_RAMP,1,Potato,chari+silage,325,329,1.4,3.479,3.0,0.922,0.017,14.123,2.21,0.04,0.0002,581
max-potato,INGREDIENT_RAMP,2,Potato,chari+silage,325,329,1.4,3.479,3.0,0.922,0.017,12.488,4.42,0.04,0.0002,580
max-potato,INGREDIENT_RAMP,3,Potato,chari+silage,325,329,1.4,3.479,3.0,0.922,0.017,10.853,6.629,0.04,0.0002,579
max-potato,INGREDIENT_RAMP,4,Potato,chari+silage,325,329,1.4,3.479,3.0,0.922,0.017,9.218,8.839,0.04,0.0002,578
max-potato,INGREDIENT_RAMP,5,Potato,chari+silage,325,329,1.4,3.479,3.0,0.922,0.017,7.582,11.049,0.04,0.0002,576
max-potato,STEADY,,,chari+silage,325,329,1.4,3.479,3.0,0.922,0.017,7.582,11.049,0.04,0.0002,576
max-potato,ADAPTATION,1,,chari+silage,330,334,0.42,3.209,5.997,0.9,0.001,0,0,0,0,315
max-potato,ADAPTATION,2,,chari+silage,330,334,0.59,3.629,6,0.89,0.003,1.041,0,0,0,362
max-potato,ADAPTATION,3,,chari+silage,330,334,0.77,4.098,6,0.821,0.006,2.428,0,0,0,416
max-potato,ADAPTATION,4,,chari+silage,330,334,0.94,4.566,6,0.742,0.009,3.853,0,0,0,470
max-potato,ADAPTATION,5,,chari+silage,330,334,1.12,5.034,6,0.643,0.012,5.357,0,0,0,525
max-potato,ADAPTATION,6,,chari+silage,330,334,1.4,5.854,3,0.532,0.019,9.847,0,0,0,627
max-potato,ADAPTATION,7,,chari+silage,330,334,1.4,5.854,3,0.532,0.019,9.847,0,0,0,627
max-potato,INGREDIENT_RAMP,1,Potato,chari+silage,330,334,1.4,3.535,3.0,0.943,0.017,14.348,2.241,0.04,0.0002,590
max-potato,INGREDIENT_RAMP,2,Potato,chari+silage,330,334,1.4,3.535,3.0,0.943,0.017,12.689,4.483,0.04,0.0002,589
max-potato,INGREDIENT_RAMP,3,Potato,chari+silage,330,334,1.4,3.535,3.0,0.943,0.017,11.03,6.724,0.04,0.0002,588
max-potato,INGREDIENT_RAMP,4,Potato,chari+silage,330,334,1.4,3.535,3.0,0.943,0.017,9.372,8.966,0.04,0.0002,587
max-potato,INGREDIENT_RAMP,5,Potato,chari+silage,330,334,1.4,3.535,3.0,0.943,0.017,7.713,11.207,0.04,0.0002,585
max-potato,STEADY,,,chari+silage,330,334,1.4,3.535,3.0,0.943,0.017,7.713,11.207,0.04,0.0002,585
max-potato,ADAPTATION,1,,chari+silage,335,339,0.43,3.275,6,0.939,0.001,0.004,0,0,0,321
max-potato,ADAPTATION,2,,chari+silage,335,339,0.59,3.692,6,0.89,0.003,1.189,0,0,0,369
max-potato,ADAPTATION,3,,chari+silage,335,339,0.78,4.168,6,0.821,0.006,2.594,0,0,0,424
max-potato,ADAPTATION,4,,chari+silage,335,339,0.95,4.645,6,0.742,0.009,4.039,0,0,0,479
max-potato,ADAPTATION,5,,chari+silage,335,339,1.13,5.121,6,0.643,0.012,5.562,0,0,0,535
max-potato,ADAPTATION,6,,chari+silage,335,339,1.4,5.955,3,0.667,0.019,9.568,0,0,0,634
max-potato,ADAPTATION,7,,chari+silage,335,339,1.4,5.955,3,0.667,0.019,9.568,0,0,0,634
max-potato,INGREDIENT_RAMP,1,Potato,chari+silage,335,339,1.4,3.591,3.0,0.964,0.017,14.572,2.273,0.041,0.0002,599
max-potato,INGREDIENT_RAMP,2,Potato,chari+silage,335,339,1.4,3.591,3.0,0.964,0.017,12.89,4.546,0.041,0.0002,598
max-potato,INGREDIENT_RAMP,3,Potato,chari+silage,335,339,1.4,3.591,3.0,0.964,0.017,11.208,6.819,0.041,0.0002,597
max-potato,INGREDIENT_RAMP,4,Potato,chari+silage,335,339,1.4,3.591,3.0,0.964,0.017,9.525,9.092,0.041,0.0002,596
max-potato,INGREDIENT_RAMP,5,Potato,chari+silage,335,339,1.4,3.591,3.0,0.964,0.017,7.843,11.366,0.041,0.0002,594
max-potato,STEADY,,,chari+silage,335,339,1.4,3.591,3.0,0.964,0.017,7.843,11.366,0.041,0.0002,594
max-potato,ADAPTATION,1,,chari+silage,340,344,0.44,3.331,6,0.94,0.001,0.134,0,0,0,327
max-potato,ADAPTATION,2,,chari+silage,340,344,0.6,3.754,6,0.891,0.003,1.336,0,0,0,376
max-potato,ADAPTATION,3,,chari+silage,340,344,0.79,4.239,6,0.822,0.006,2.761,0,0,0,432
max-potato,ADAPTATION,4,,chari+silage,340,344,0.96,4.723,6,0.743,0.009,4.225,0,0,0,488
max-potato,ADAPTATION,5,,chari+silage,340,344,1.14,5.208,6,0.644,0.012,5.767,0,0,0,545
max-potato,ADAPTATION,6,,chari+silage,340,344,1.4,6.055,3,0.803,0.018,9.283,0,0,0,641
max-potato,ADAPTATION,7,,chari+silage,340,344,1.4,6.055,3,0.803,0.018,9.283,0,0,0,641
max-potato,INGREDIENT_RAMP,1,Potato,chari+silage,340,344,1.4,3.647,3.0,0.985,0.017,14.793,2.304,0.041,0.0002,608
max-potato,INGREDIENT_RAMP,2,Potato,chari+silage,340,344,1.4,3.647,3.0,0.985,0.017,13.088,4.609,0.041,0.0002,607
max-potato,INGREDIENT_RAMP,3,Potato,chari+silage,340,344,1.4,3.647,3.0,0.985,0.017,11.383,6.913,0.041,0.0002,606
max-potato,INGREDIENT_RAMP,4,Potato,chari+silage,340,344,1.4,3.647,3.0,0.985,0.017,9.677,9.217,0.041,0.0002,604
max-potato,INGREDIENT_RAMP,5,Potato,chari+silage,340,344,1.4,3.647,3.0,0.985,0.017,7.972,11.522,0.041,0.0002,603
max-potato,STEADY,,,chari+silage,340,344,1.4,3.647,3.0,0.985,0.017,7.972,11.522,0.041,0.0002,603
max-potato,ADAPTATION,1,,chari+silage,345,349,0.45,3.386,6,0.94,0.001,0.265,0,0,0,333
max-potato,ADAPTATION,2,,chari+silage,345,349,0.61,3.817,6,0.891,0.004,1.484,0,0,0,383
max-potato,ADAPTATION,3,,chari+silage,345,349,0.79,4.31,6,0.823,0.007,2.928,0,0,0,439
max-potato,ADAPTATION,4,,chari+silage,345,349,0.97,4.802,6,0.743,0.01,4.412,0,0,0,497
max-potato,ADAPTATION,5,,chari+silage,345,349,1.15,5.295,6,0.644,0.013,5.973,0,0,0,554
max-potato,ADAPTATION,6,,chari+silage,345,349,1.4,6.156,3,0.94,0.017,8.994,0,0,0,648
max-potato,ADAPTATION,7,,chari+silage,345,349,1.4,6.156,3,0.94,0.017,8.994,0,0,0,648
max-potato,INGREDIENT_RAMP,1,Potato,chari+silage,345,349,1.4,3.702,3.0,1.006,0.017,15.016,2.336,0.042,0.0002,617
max-potato,INGREDIENT_RAMP,2,Potato,chari+silage,345,349,1.4,3.702,3.0,1.006,0.017,13.287,4.672,0.042,0.0002,616
max-potato,INGREDIENT_RAMP,3,Potato,chari+silage,345,349,1.4,3.702,3.0,1.006,0.017,11.559,7.007,0.042,0.0002,614
max-potato,INGREDIENT_RAMP,4,Potato,chari+silage,345,349,1.4,3.702,3.0,1.006,0.017,9.83,9.343,0.042,0.0002,613
max-potato,INGREDIENT_RAMP,5,Potato,chari+silage,345,349,1.4,3.702,3.0,1.006,0.017,8.102,11.679,0.042,0.0002,612
max-potato,STEADY,,,chari+silage,345,349,1.4,3.702,3.0,1.006,0.017,8.102,11.679,0.042,0.0002,612
max-potato,ADAPTATION,1,,chari+silage,350,354,0.45,3.442,6,0.941,0.002,0.396,0,0,0,340
max-potato,ADAPTATION,2,,chari+silage,350,354,0.62,3.88,6,0.892,0.004,1.632,0,0,0,390
max-potato,ADAPTATION,3,,chari+silage,350,354,0.8,4.38,6,0.823,0.007,3.096,0,0,0,447
max-potato,ADAPTATION,4,,chari+silage,350,354,0.98,4.881,6,0.744,0.01,4.599,0,0,0,505
max-potato,ADAPTATION,5,,chari+silage,350,354,1.16,5.381,6,0.645,0.013,6.179,0,0,0,564
max-potato,ADAPTATION,6,,chari+silage,350,354,1.4,6.258,3,1.079,0.016,8.7,0,0,0,655
max-potato,ADAPTATION,7,,chari+silage,350,354,1.4,6.258,3,1.079,0.016,8.7,0,0,0,655
max-potato,INGREDIENT_RAMP,1,Potato,chari+silage,350,354,1.4,3.758,3.0,1.027,0.018,15.24,2.367,0.043,0.0002,626
max-potato,INGREDIENT_RAMP,2,Potato,chari+silage,350,354,1.4,3.758,3.0,1.027,0.018,13.488,4.735,0.043,0.0002,625
max-potato,INGREDIENT_RAMP,3,Potato,chari+silage,350,354,1.4,3.758,3.0,1.027,0.018,11.736,7.102,0.043,0.0002,623
max-potato,INGREDIENT_RAMP,4,Potato,chari+silage,350,354,1.4,3.758,3.0,1.027,0.018,9.985,9.47,0.043,0.0002,622
max-potato,INGREDIENT_RAMP,5,Potato,chari+silage,350,354,1.4,3.758,3.0,1.027,0.018,8.233,11.837,0.043,0.0002,621
max-potato,STEADY,,,chari+silage,350,354,1.4,3.758,3.0,1.027,0.018,8.233,11.837,0.043,0.0002,621
max-potato,ADAPTATION,1,,chari+silage,355,359,0.46,3.494,6,0.941,0.002,0.521,0,0,0,345
max-potato,ADAPTATION,2,,chari+silage,355,359,0.63,3.939,6,0.892,0.004,1.773,0,0,0,396
max-potato,ADAPTATION,3,,chari+silage,355,359,0.81,4.448,6,0.824,0.007,3.255,0,0,0,455
max-potato,ADAPTATION,4,,chari+silage,355,359,0.99,4.956,6,0.744,0.01,4.776,0,0,0,514
max-potato,ADAPTATION,5,,chari+silage,355,359,1.17,5.464,6,0.645,0.014,6.375,0,0,0,573
max-potato,ADAPTATION,6,,chari+silage,355,359,1.4,6.354,3,1.2,0.016,8.463,0,0,0,663
max-potato,ADAPTATION,7,,chari+silage,355,359,1.4,6.354,3,1.2,0.016,8.463,0,0,0,663
max-potato,INGREDIENT_RAMP,1,Potato,chari+silage,355,359,1.4,3.812,3.0,1.048,0.018,15.455,2.398,0.043,0.0002,635
max-potato,INGREDIENT_RAMP,2,Potato,chari+silage,355,359,1.4,3.812,3.0,1.048,0.018,13.681,4.796,0.043,0.0002,633
max-potato,INGREDIENT_RAMP,3,Potato,chari+silage,355,359,1.4,3.812,3.0,1.048,0.018,11.906,7.193,0.043,0.0002,632
max-potato,INGREDIENT_RAMP,4,Potato,chari+silage,355,359,1.4,3.812,3.0,1.048,0.018,10.132,9.591,0.043,0.0002,631
max-potato,INGREDIENT_RAMP,5,Potato,chari+silage,355,359,1.4,3.812,3.0,1.048,0.018,8.358,11.989,0.043,0.0002,630
max-potato,STEADY,,,chari+silage,355,359,1.4,3.812,3.0,1.048,0.018,8.358,11.989,0.043,0.0002,630
max-potato,ADAPTATION,1,,chari+silage,360,364,0.46,3.53,6,0.942,0.002,0.603,0,0,0,349
max-potato,ADAPTATION,2,,chari+silage,360,364,0.63,3.979,6,0.893,0.004,1.866,0,0,0,401
max-potato,ADAPTATION,3,,chari+silage,360,364,0.81,4.492,6,0.824,0.007,3.36,0,0,0,460
max-potato,ADAPTATION,4,,chari+silage,360,364,0.99,5.006,6,0.745,0.011,4.893,0,0,0,519
max-potato,ADAPTATION,5,,chari+silage,360,364,1.17,5.519,6,0.646,0.014,6.504,0,0,0,579
max-potato,ADAPTATION,6,,chari+silage,360,364,1.4,6.417,3,1.2,0.016,8.616,0,0,0,670
max-potato,ADAPTATION,7,,chari+silage,360,364,1.4,6.417,3,1.2,0.016,8.616,0,0,0,670
max-potato,INGREDIENT_RAMP,1,Potato,chari+silage,360,364,1.4,3.852,3.0,1.063,0.018,15.615,2.42,0.044,0.0002,641
max-potato,INGREDIENT_RAMP,2,Potato,chari+silage,360,364,1.4,3.852,3.0,1.063,0.018,13.824,4.841,0.044,0.0002,640
max-potato,INGREDIENT_RAMP,3,Potato,chari+silage,360,364,1.4,3.852,3.0,1.063,0.018,12.033,7.261,0.044,0.0002,639
max-potato,INGREDIENT_RAMP,4,Potato,chari+silage,360,364,1.4,3.852,3.0,1.063,0.018,10.242,9.682,0.044,0.0002,637
max-potato,INGREDIENT_RAMP,5,Potato,chari+silage,360,364,1.4,3.852,3.0,1.063,0.018,8.451,12.102,0.044,0.0002,636
max-potato,STEADY,,,chari+silage,360,364,1.4,3.852,3.0,1.063,0.018,8.451,12.102,0.044,0.0002,636
max-potato,ADAPTATION,1,,chari+silage,365,369,0.46,3.564,6,0.942,0.002,0.685,0,0,0,353
max-potato,ADAPTATION,2,,chari+silage,365,369,0.63,4.018,6,0.893,0.005,1.958,0,0,0,405
max-potato,ADAPTATION,3,,chari+silage,365,369,0.81,4.537,6,0.824,0.008,3.464,0,0,0,465
max-potato,ADAPTATION,4,,chari+silage,365,369,0.99,5.055,6,0.745,0.011,5.01,0,0,0,525
max-potato,ADAPTATION,5,,chari+silage,365,369,1.17,5.574,6,0.646,0.014,6.633,0,0,0,585
max-potato,ADAPTATION,6,,chari+silage,365,369,1.4,6.481,3,1.2,0.016,8.768,0,0,0,677
max-potato,ADAPTATION,7,,chari+silage,365,369,1.4,6.481,3,1.2,0.016,8.768,0,0,0,677
max-potato,INGREDIENT_RAMP,1,Potato,chari+silage,365,369,1.4,3.892,3.0,1.078,0.018,15.777,2.443,0.044,0.0002,648
max-potato,INGREDIENT_RAMP,2,Potato,chari+silage,365,369,1.4,3.892,3.0,1.078,0.018,13.969,4.886,0.044,0.0002,646
max-potato,INGREDIENT_RAMP,3,Potato,chari+silage,365,369,1.4,3.892,3.0,1.078,0.018,12.161,7.33,0.044,0.0002,645
max-potato,INGREDIENT_RAMP,4,Potato,chari+silage,365,369,1.4,3.892,3.0,1.078,0.018,10.353,9.773,0.044,0.0002,644
max-potato,INGREDIENT_RAMP,5,Potato,chari+silage,365,369,1.4,3.892,3.0,1.078,0.018,8.545,12.216,0.044,0.0002,642
max-potato,STEADY,,,chari+silage,365,369,1.4,3.892,3.0,1.078,0.018,8.545,12.216,0.044,0.0002,642
max-potato,ADAPTATION,1,,chari+silage,370,374,0.46,3.599,6,0.942,0.002,0.767,0,0,0,357
max-potato,ADAPTATION,2,,chari+silage,370,374,0.63,4.057,6,0.894,0.005,2.05,0,0,0,409
max-potato,ADAPTATION,3,,chari+silage,370,374,0.81,4.581,6,0.825,0.008,3.569,0,0,0,470
max-potato,ADAPTATION,4,,chari+silage,370,374,0.99,5.105,6,0.746,0.011,5.126,0,0,0,530
max-potato,ADAPTATION,5,,chari+silage,370,374,1.17,5.628,6,0.646,0.014,6.762,0,0,0,591
max-potato,ADAPTATION,6,,chari+silage,370,374,1.4,6.544,3,1.2,0.017,8.919,0,0,0,684
max-potato,ADAPTATION,7,,chari+silage,370,374,1.4,6.544,3,1.2,0.017,8.919,0,0,0,684
max-potato,INGREDIENT_RAMP,1,Potato,chari+silage,370,374,1.4,3.932,3.0,1.093,0.018,15.936,2.466,0.044,0.0002,654
max-potato,INGREDIENT_RAMP,2,Potato,chari+silage,370,374,1.4,3.932,3.0,1.093,0.018,14.112,4.931,0.044,0.0002,653
max-potato,INGREDIENT_RAMP,3,Potato,chari+silage,370,374,1.4,3.932,3.0,1.093,0.018,12.287,7.397,0.044,0.0002,651
max-potato,INGREDIENT_RAMP,4,Potato,chari+silage,370,374,1.4,3.932,3.0,1.093,0.018,10.462,9.863,0.044,0.0002,650
max-potato,INGREDIENT_RAMP,5,Potato,chari+silage,370,374,1.4,3.932,3.0,1.093,0.018,8.638,12.328,0.044,0.0002,649
max-potato,STEADY,,,chari+silage,370,374,1.4,3.932,3.0,1.093,0.018,8.638,12.328,0.044,0.0002,649
max-potato,ADAPTATION,1,,chari+silage,375,379,0.46,3.634,6,0.943,0.002,0.848,0,0,0,361
max-potato,ADAPTATION,2,,chari+silage,375,379,0.63,4.097,6,0.894,0.005,2.142,0,0,0,414
max-potato,ADAPTATION,3,,chari+silage,375,379,0.81,4.625,6,0.825,0.008,3.672,0,0,0,474
max-potato,ADAPTATION,4,,chari+silage,375,379,0.99,5.154,6,0.746,0.011,5.242,0,0,0,536
max-potato,ADAPTATION,5,,chari+silage,375,379,1.17,5.682,6,0.647,0.014,6.89,0,0,0,597
max-potato,ADAPTATION,6,,chari+silage,375,379,1.4,6.607,3,1.2,0.017,9.07,0,0,0,691
max-potato,ADAPTATION,7,,chari+silage,375,379,1.4,6.607,3,1.2,0.017,9.07,0,0,0,691
max-potato,INGREDIENT_RAMP,1,Potato,chari+silage,375,379,1.4,3.972,3.0,1.108,0.018,16.096,2.488,0.045,0.0002,660
max-potato,INGREDIENT_RAMP,2,Potato,chari+silage,375,379,1.4,3.972,3.0,1.108,0.018,14.254,4.976,0.045,0.0002,659
max-potato,INGREDIENT_RAMP,3,Potato,chari+silage,375,379,1.4,3.972,3.0,1.108,0.018,12.413,7.465,0.045,0.0002,658
max-potato,INGREDIENT_RAMP,4,Potato,chari+silage,375,379,1.4,3.972,3.0,1.108,0.018,10.572,9.953,0.045,0.0002,656
max-potato,INGREDIENT_RAMP,5,Potato,chari+silage,375,379,1.4,3.972,3.0,1.108,0.018,8.731,12.441,0.045,0.0002,655
max-potato,STEADY,,,chari+silage,375,379,1.4,3.972,3.0,1.108,0.018,8.731,12.441,0.045,0.0002,655
max-potato,ADAPTATION,1,,chari+silage,380,384,0.46,3.669,6,0.943,0.003,0.929,0,0,0,365
max-potato,ADAPTATION,2,,chari+silage,380,384,0.63,4.136,6,0.895,0.005,2.234,0,0,0,418
max-potato,ADAPTATION,3,,chari+silage,380,384,0.81,4.669,6,0.826,0.008,3.776,0,0,0,479
max-potato,ADAPTATION,4,,chari+silage,380,384,0.99,5.203,6,0.747,0.011,5.358,0,0,0,541
max-potato,ADAPTATION,5,,chari+silage,380,384,1.17,5.736,6,0.647,0.015,7.017,0,0,0,603
max-potato,ADAPTATION,6,,chari+silage,380,384,1.4,6.67,3,1.2,0.017,9.221,0,0,0,698
max-potato,ADAPTATION,7,,chari+silage,380,384,1.4,6.67,3,1.2,0.017,9.221,0,0,0,698
max-potato,INGREDIENT_RAMP,1,Potato,chari+silage,380,384,1.4,4.012,3.0,1.123,0.019,16.255,2.511,0.045,0.0002,667
max-potato,INGREDIENT_RAMP,2,Potato,chari+silage,380,384,1.4,4.012,3.0,1.123,0.019,14.397,5.021,0.045,0.0002,665
max-potato,INGREDIENT_RAMP,3,Potato,chari+silage,380,384,1.4,4.012,3.0,1.123,0.019,12.539,7.532,0.045,0.0002,664
max-potato,INGREDIENT_RAMP,4,Potato,chari+silage,380,384,1.4,4.012,3.0,1.123,0.019,10.681,10.043,0.045,0.0002,663
max-potato,INGREDIENT_RAMP,5,Potato,chari+silage,380,384,1.4,4.012,3.0,1.123,0.019,8.823,12.554,0.045,0.0002,661
max-potato,STEADY,,,chari+silage,380,384,1.4,4.012,3.0,1.123,0.019,8.823,12.554,0.045,0.0002,661
max-potato,ADAPTATION,1,,chari+silage,385,389,0.46,3.703,6,0.944,0.003,1.01,0,0,0,368
max-potato,ADAPTATION,2,,chari+silage,385,389,0.62,4.174,6,0.895,0.005,2.325,0,0,0,422
max-potato,ADAPTATION,3,,chari+silage,385,389,0.81,4.713,6,0.826,0.008,3.879,0,0,0,484
max-potato,ADAPTATION,4,,chari+silage,385,389,0.99,5.252,6,0.747,0.012,5.473,0,0,0,546
max-potato,ADAPTATION,5,,chari+silage,385,389,1.17,5.79,6,0.648,0.015,7.144,0,0,0,609
max-potato,ADAPTATION,6,,chari+silage,385,389,1.4,6.733,3,1.2,0.017,9.371,0,0,0,705
max-potato,ADAPTATION,7,,chari+silage,385,389,1.4,6.733,3,1.2,0.017,9.371,0,0,0,705
max-potato,INGREDIENT_RAMP,1,Potato,chari+silage,385,389,1.4,4.052,3.0,1.138,0.019,16.414,2.533,0.046,0.0002,673
max-potato,INGREDIENT_RAMP,2,Potato,chari+silage,385,389,1.4,4.052,3.0,1.138,0.019,14.54,5.066,0.046,0.0002,672
max-potato,INGREDIENT_RAMP,3,Potato,chari+silage,385,389,1.4,4.052,3.0,1.138,0.019,12.665,7.6,0.046,0.0002,670
max-potato,INGREDIENT_RAMP,4,Potato,chari+silage,385,389,1.4,4.052,3.0,1.138,0.019,10.791,10.133,0.046,0.0002,669
max-potato,INGREDIENT_RAMP,5,Potato,chari+silage,385,389,1.4,4.052,3.0,1.138,0.019,8.916,12.666,0.046,0.0002,668
max-potato,STEADY,,,chari+silage,385,389,1.4,4.052,3.0,1.138,0.019,8.916,12.666,0.046,0.0002,668
max-potato,ADAPTATION,1,,chari+silage,390,394,0.46,3.738,6,0.944,0.003,1.091,0,0,0,372
max-potato,ADAPTATION,2,,chari+silage,390,394,0.62,4.213,6,0.896,0.006,2.416,0,0,0,427
max-potato,ADAPTATION,3,,chari+silage,390,394,0.81,4.757,6,0.827,0.009,3.982,0,0,0,489
max-potato,ADAPTATION,4,,chari+silage,390,394,0.99,5.3,6,0.748,0.012,5.588,0,0,0,552
max-potato,ADAPTATION,5,,chari+silage,390,394,1.17,5.844,6,0.648,0.015,7.271,0,0,0,615
max-potato,ADAPTATION,6,,chari+silage,390,394,1.4,6.795,3,1.2,0.018,9.52,0,0,0,712
max-potato,ADAPTATION,7,,chari+silage,390,394,1.4,6.795,3,1.2,0.018,9.52,0,0,0,712
max-potato,INGREDIENT_RAMP,1,Potato,chari+silage,390,394,1.4,4.091,3.0,1.153,0.019,16.571,2.555,0.046,0.0002,679
max-potato,INGREDIENT_RAMP,2,Potato,chari+silage,390,394,1.4,4.091,3.0,1.153,0.019,14.68,5.111,0.046,0.0002,678
max-potato,INGREDIENT_RAMP,3,Potato,chari+silage,390,394,1.4,4.091,3.0,1.153,0.019,12.789,7.666,0.046,0.0002,677
max-potato,INGREDIENT_RAMP,4,Potato,chari+silage,390,394,1.4,4.091,3.0,1.153,0.019,10.899,10.221,0.046,0.0002,675
max-potato,INGREDIENT_RAMP,5,Potato,chari+silage,390,394,1.4,4.091,3.0,1.153,0.019,9.008,12.777,0.046,0.0002,674
max-potato,STEADY,,,chari+silage,390,394,1.4,4.091,3.0,1.153,0.019,9.008,12.777,0.046,0.0002,674
max-potato,ADAPTATION,1,,chari+silage,395,399,0.46,3.772,6,0.945,0.003,1.171,0,0,0,376
max-potato,ADAPTATION,2,,chari+silage,395,399,0.62,4.252,6,0.896,0.006,2.507,0,0,0,431
max-potato,ADAPTATION,3,,chari+silage,395,399,0.81,4.8,6,0.827,0.009,4.085,0,0,0,494
max-potato,ADAPTATION,4,,chari+silage,395,399,0.99,5.349,6,0.748,0.012,5.702,0,0,0,557
max-potato,ADAPTATION,5,,chari+silage,395,399,1.17,5.898,6,0.649,0.015,7.398,0,0,0,621
max-potato,ADAPTATION,6,,chari+silage,395,399,1.4,6.858,3,1.2,0.018,9.669,0,0,0,719
max-potato,ADAPTATION,7,,chari+silage,395,399,1.4,6.858,3,1.2,0.018,9.669,0,0,0,719
max-potato,INGREDIENT_RAMP,1,Potato,chari+silage,395,399,1.4,4.13,3.0,1.168,0.019,16.73,2.578,0.046,0.0002,686
max-potato,INGREDIENT_RAMP,2,Potato,chari+silage,395,399,1.4,4.13,3.0,1.168,0.019,14.822,5.155,0.046,0.0002,684
max-potato,INGREDIENT_RAMP,3,Potato,chari+silage,395,399,1.4,4.13,3.0,1.168,0.019,12.915,7.733,0.046,0.0002,683
max-potato,INGREDIENT_RAMP,4,Potato,chari+silage,395,399,1.4,4.13,3.0,1.168,0.019,11.007,10.311,0.046,0.0002,682
max-potato,INGREDIENT_RAMP,5,Potato,chari+silage,395,399,1.4,4.13,3.0,1.168,0.019,9.1,12.889,0.046,0.0002,680
max-potato,STEADY,,,chari+silage,395,399,1.4,4.13,3.0,1.168,0.019,9.1,12.889,0.046,0.0002,680
max-potato,ADAPTATION,1,,chari+silage,400,404,0.46,3.806,6,0.945,0.003,1.251,0,0,0,380
max-potato,ADAPTATION,2,,chari+silage,400,404,0.62,4.29,6,0.896,0.006,2.597,0,0,0,435
max-potato,ADAPTATION,3,,chari+silage,400,404,0.81,4.844,6,0.828,0.009,4.187,0,0,0,499
max-potato,ADAPTATION,4,,chari+silage,400,404,0.99,5.398,6,0.748,0.012,5.817,0,0,0,563
max-potato,ADAPTATION,5,,chari+silage,400,404,1.17,5.951,6,0.649,0.016,7.524,0,0,0,627
max-potato,ADAPTATION,6,,chari+silage,400,404,1.4,6.92,3,1.2,0.018,9.818,0,0,0,725
max-potato,ADAPTATION,7,,chari+silage,400,404,1.4,6.92,3,1.2,0.018,9.818,0,0,0,725
max-potato,INGREDIENT_RAMP,1,Potato,chari+silage,400,404,1.4,4.17,3.0,1.183,0.019,16.887,2.6,0.047,0.0002,692
max-potato,INGREDIENT_RAMP,2,Potato,chari+silage,400,404,1.4,4.17,3.0,1.183,0.019,14.963,5.2,0.047,0.0002,691
max-potato,INGREDIENT_RAMP,3,Potato,chari+silage,400,404,1.4,4.17,3.0,1.183,0.019,13.039,7.8,0.047,0.0002,689
max-potato,INGREDIENT_RAMP,4,Potato,chari+silage,400,404,1.4,4.17,3.0,1.183,0.019,11.115,10.4,0.047,0.0002,688
max-potato,INGREDIENT_RAMP,5,Potato,chari+silage,400,404,1.4,4.17,3.0,1.183,0.019,9.191,13.0,0.047,0.0002,687
max-potato,STEADY,,,chari+silage,400,404,1.4,4.17,3.0,1.183,0.019,9.191,13.0,0.047,0.0002,687
