plan_id,phase,day_no,forage_type,wt_min,wt_max,target_adg,Steady State Wanda,Chari,Maize Silage,Wheat Straw (Toori),Cottonseed Cake,Limestone / Minerals,Urea,est_cost_per_head_per_day
conservative,STEADY,,silage,120,124,0.91,2.187,0,3.335,0.35,0.011,0.0,0,225
conservative,STEADY,,silage,125,129,0.92,2.265,0,3.529,0.35,0.01,0.0,0,234
conservative,STEADY,,silage,130,134,0.93,2.342,0,3.721,0.35,0.009,0.0,0,243
conservative,STEADY,,silage,135,139,0.95,2.418,0,3.912,0.35,0.009,0.0,0,251
conservative,STEADY,,silage,140,144,0.96,2.495,0,4.101,0.35,0.008,0.0,0,260
conservative,STEADY,,silage,145,149,0.97,2.57,0,4.29,0.35,0.007,0.0,0,268
conservative,STEADY,,silage,150,154,0.98,2.645,0,4.477,0.35,0.006,0.0,0,277
conservative,STEADY,,silage,155,159,0.99,2.72,0,4.663,0.35,0.005,0.0,0,285
conservative,STEADY,,silage,160,164,1.0,2.794,0,4.847,0.35,0.004,0.0,0,293
conservative,STEADY,,silage,165,169,1.0,2.867,0,5.03,0.35,0.003,0.0,0,301
conservative,STEADY,,silage,170,174,1.01,2.94,0,5.212,0.35,0.003,0.0,0,310
conservative,STEADY,,silage,175,179,1.02,3.013,0,5.39,0.35,0.002,0.0,0,318
conservative,STEADY,,silage,180,184,1.03,3.085,0,5.555,0.35,0.004,0.0,0,326
conservative,STEADY,,silage,185,189,1.03,3.157,0,5.719,0.35,0.006,0.0,0,334
conservative,STEADY,,silage,190,194,1.04,3.229,0,5.882,0.35,0.008,0.0,0,342
conservative,STEADY,,silage,195,199,1.05,3.3,0,6.044,0.35,0.01,0.0,0,350
conservative,STEADY,,silage,200,204,1.05,3.37,0,6.205,0.35,0.012,0.0,0,358
conservative,STEADY,,silage,205,209,1.06,3.44,0,6.362,0.35,0.015,0.0,0,366
conservative,STEADY,,silage,210,214,1.06,3.51,0,6.518,0.35,0.017,0.0,0,374
conservative,STEADY,,silage,215,219,1.07,3.579,0,6.673,0.35,0.019,0.0,0,381
conservative,STEADY,,silage,220,224,1.07,3.648,0,6.827,0.35,0.021,0.0,0,389
conservative,STEADY,,silage,225,229,1.08,3.716,0,6.98,0.35,0.024,0.001,0,397
conservative,STEADY,,silage,230,234,1.08,3.783,0,7.132,0.35,0.026,0.001,0,404
conservative,STEADY,,silage,235,239,1.09,3.85,0,7.282,0.35,0.028,0.001,0,412
conservative,STEADY,,silage,240,244,1.09,3.917,0,7.432,0.35,0.03,0.001,0,419
conservative,STEADY,,silage,245,249,1.09,3.983,0,7.58,0.35,0.032,0.001,0,427
conservative,STEADY,,silage,250,254,1.1,4.048,0,7.727,0.35,0.035,0.001,0,434
conservative,STEADY,,silage,255,259,1.1,4.113,0,7.873,0.35,0.037,0.001,0,441
conservative,STEADY,,silage,260,264,1.1,4.178,0,8.018,0.35,0.039,0.001,0,449
conservative,STEADY,,silage,265,269,1.11,4.242,0,8.162,0.35,0.041,0.001,0,456
conservative,STEADY,,silage,270,274,1.11,4.305,0,8.304,0.35,0.043,0.002,0,463
conservative,STEADY,,silage,275,279,1.11,4.368,0,8.446,0.35,0.045,0.002,0,470
conservative,STEADY,,silage,280,284,1.11,4.431,0,8.586,0.35,0.047,0.002,0,477
conservative,STEADY,,silage,285,289,1.12,4.493,0,8.725,0.35,0.049,0.002,0,484
conservative,STEADY,,silage,290,294,1.12,4.554,0,8.863,0.35,0.051,0.002,0,491
conservative,STEADY,,silage,295,299,1.12,4.615,0,9.0,0.35,0.053,0.002,0,498
conservative,STEADY,,silage,300,304,1.12,4.675,0,9.136,0.35,0.055,0.002,0,504
conservative,STEADY,,chari,120,124,0.91,2.095,4.245,0,0.35,0.069,0.0,0,208
conservative,STEADY,,chari,125,129,0.92,2.181,4.459,0,0.35,0.065,0.0,0,216
conservative,STEADY,,chari,130,134,0.93,2.266,4.67,0,0.35,0.062,0.0,0,224
conservative,STEADY,,chari,135,139,0.95,2.351,4.88,0,0.35,0.058,0.0,0,232
conservative,STEADY,,chari,140,144,0.96,2.436,5.089,0,0.35,0.054,0.0,0,239
conservative,STEADY,,chari,145,149,0.97,2.52,5.297,0,0.35,0.05,0.0,0,247
conservative,STEADY,,chari,150,154,0.98,2.603,5.503,0,0.35,0.047,0.0,0,254
conservative,STEADY,,chari,155,159,0.99,2.686,5.708,0,0.35,0.043,0.0,0,262
conservative,STEADY,,chari,160,164,1.0,2.768,5.911,0,0.35,0.039,0.0,0,269
conservative,STEADY,,chari,165,169,1.01,2.849,6.114,0,0.35,0.036,0.0,0,277
conservative,STEADY,,chari,170,174,1.01,2.928,6.318,0,0.35,0.033,0.0,0,284
conservative,STEADY,,chari,175,179,1.02,3.007,6.521,0,0.35,0.03,0.0,0,291
conservative,STEADY,,chari,180,184,1.03,3.085,6.722,0,0.35,0.028,0.0,0,298
conservative,STEADY,,chari,185,189,1.04,3.163,6.922,0,0.35,0.025,0.0,0,306
conservative,STEADY,,chari,190,194,1.04,3.24,7.121,0,0.35,0.022,0.0,0,313
conservative,STEADY,,chari,195,199,1.05,3.316,7.318,0,0.35,0.019,0.0,0,320
conservative,STEADY,,chari,200,204,1.05,3.392,7.514,0,0.35,0.017,0.0,0,327
conservative,STEADY,,chari,205,209,1.06,3.468,7.708,0,0.35,0.014,0.0,0,334
conservative,STEADY,,chari,210,214,1.07,3.543,7.901,0,0.35,0.011,0.0,0,341
conservative,STEADY,,chari,215,219,1.07,3.617,8.092,0,0.35,0.009,0.0,0,347
conservative,STEADY,,chari,220,224,1.08,3.691,8.282,0,0.35,0.006,0.0,0,354
conservative,STEADY,,chari,225,229,1.08,3.764,8.471,0,0.35,0.003,0.0,0,361
conservative,STEADY,,chari,230,234,1.09,3.836,8.658,0,0.35,0.001,0.0,0,368
conservative,STEADY,,chari,235,239,1.09,3.907,8.842,0,0.35,0.0,0.0,0,374
conservative,STEADY,,chari,240,244,1.09,3.977,9.024,0,0.35,0.0,0.0,0,381
conservative,STEADY,,chari,245,249,1.1,4.045,9.205,0,0.35,0.0,0.0,0,388
conservative,STEADY,,chari,250,254,1.1,4.114,9.384,0,0.35,0.0,0.0,0,394
conservative,STEADY,,chari,255,259,1.1,4.182,9.561,0,0.35,0.0,0.0,0,401
conservative,STEADY,,chari,260,264,1.11,4.249,9.738,0,0.35,0.0,0.0,0,407
conservative,STEADY,,chari,265,269,1.11,4.316,9.913,0,0.35,0.0,0.0,0,414
conservative,STEADY,,chari,270,274,1.11,4.382,10.086,0,0.35,0.0,0.0,0,420
conservative,STEADY,,chari,275,279,1.12,4.448,10.258,0,0.35,0.0,0.0,0,426
conservative,STEADY,,chari,280,284,1.12,4.513,10.429,0,0.35,0.0,0.0,0,432
conservative,STEADY,,chari,285,289,1.12,4.577,10.598,0,0.35,0.0,0.0,0,439
conservative,STEADY,,chari,290,294,1.12,4.642,10.766,0,0.35,0.0,0.0,0,445
conservative,STEADY,,chari,295,299,1.12,4.705,10.933,0,0.35,0.0,0.0,0,451
conservative,STEADY,,chari,300,304,1.13,4.768,11.098,0,0.35,0.0,0.0,0,457
conservative,ADAPTATION,1,chari,120,124,0.29,0.65,2.404,0,0.35,0.648,0.015,0,146
conservative,ADAPTATION,1,chari,125,129,0.3,0.674,2.547,0,0.35,0.672,0.016,0,151
conservative,ADAPTATION,1,chari,130,134,0.31,0.698,2.69,0,0.35,0.697,0.016,0,157
conservative,ADAPTATION,1,chari,135,139,0.32,0.722,2.832,0,0.35,0.722,0.017,0,162
conservative,ADAPTATION,1,chari,140,144,0.32,0.746,2.972,0,0.35,0.746,0.017,0,168
conservative,ADAPTATION,1,chari,145,149,0.33,0.769,3.112,0,0.35,0.77,0.018,0,173
conservative,ADAPTATION,1,chari,150,154,0.34,0.793,3.251,0,0.35,0.794,0.019,0,178
conservative,ADAPTATION,1,chari,155,159,0.35,0.816,3.389,0,0.35,0.818,0.019,0,184
conservative,ADAPTATION,1,chari,160,164,0.35,0.839,3.526,0,0.35,0.842,0.02,0,189
conservative,ADAPTATION,1,chari,165,169,0.36,0.862,3.661,0,0.35,0.866,0.02,0,194
conservative,ADAPTATION,1,chari,170,174,0.36,0.885,3.796,0,0.35,0.889,0.021,0,200
conservative,ADAPTATION,1,chari,175,179,0.37,0.907,3.93,0,0.35,0.912,0.022,0,205
conservative,ADAPTATION,1,chari,180,184,0.38,0.93,4.063,0,0.35,0.935,0.022,0,210
conservative,ADAPTATION,1,chari,185,189,0.38,0.952,4.196,0,0.35,0.958,0.023,0,215
conservative,ADAPTATION,1,chari,190,194,0.39,0.974,4.327,0,0.35,0.981,0.023,0,220
conservative,ADAPTATION,1,chari,195,199,0.39,0.996,4.457,0,0.35,1.004,0.024,0,225
conservative,ADAPTATION,1,chari,200,204,0.4,1.018,4.586,0,0.35,1.026,0.025,0,230
conservative,ADAPTATION,1,chari,205,209,0.4,1.04,4.715,0,0.35,1.048,0.025,0,235
conservative,ADAPTATION,1,chari,210,214,0.4,1.061,4.842,0,0.35,1.07,0.026,0,240
conservative,ADAPTATION,1,chari,215,219,0.41,1.083,4.969,0,0.35,1.092,0.026,0,245
conservative,ADAPTATION,1,chari,220,224,0.41,1.104,5.094,0,0.35,1.114,0.027,0,250
conservative,ADAPTATION,1,chari,225,229,0.41,1.125,5.219,0,0.35,1.136,0.027,0,255
conservative,ADAPTATION,1,chari,230,234,0.42,1.146,5.343,0,0.35,1.157,0.028,0,259
conservative,ADAPTATION,1,chari,235,239,0.42,1.166,5.465,0,0.35,1.179,0.028,0,264
conservative,ADAPTATION,1,chari,240,244,0.42,1.187,5.587,0,0.35,1.2,0.029,0,269
conservative,ADAPTATION,1,chari,245,249,0.43,1.207,5.708,0,0.35,1.221,0.029,0,274
conservative,ADAPTATION,1,chari,250,254,0.43,1.228,5.828,0,0.35,1.242,0.03,0,278
conservative,ADAPTATION,1,chari,255,259,0.43,1.248,5.947,0,0.35,1.262,0.031,0,283
conservative,ADAPTATION,1,chari,260,264,0.43,1.268,6.065,0,0.35,1.283,0.031,0,287
conservative,ADAPTATION,1,chari,265,269,0.44,1.287,6.183,0,0.35,1.303,0.032,0,292
conservative,ADAPTATION,1,chari,270,274,0.44,1.307,6.299,0,0.35,1.323,0.032,0,297
conservative,ADAPTATION,1,chari,275,279,0.44,1.326,6.414,0,0.35,1.343,0.033,0,301
conservative,ADAPTATION,1,chari,280,284,0.44,1.346,6.529,0,0.35,1.363,0.033,0,305
conservative,ADAPTATION,1,chari,285,289,0.44,1.365,6.642,0,0.35,1.382,0.034,0,310
conservative,ADAPTATION,1,chari,290,294,0.44,1.384,6.755,0,0.35,1.402,0.034,0,314
conservative,ADAPTATION,1,chari,295,299,0.45,1.403,6.866,0,0.35,1.421,0.035,0,318
conservative,ADAPTATION,1,chari,300,304,0.45,1.421,6.977,0,0.35,1.44,0.035,0,323
conservative,ADAPTATION,2,chari,120,124,0.4,0.883,2.744,0,0.35,0.556,0.012,0,156
conservative,ADAPTATION,2,chari,125,129,0.41,0.916,2.9,0,0.35,0.578,0.013,0,162
conservative,ADAPTATION,2,chari,130,134,0.42,0.949,3.055,0,0.35,0.599,0.013,0,168
conservative,ADAPTATION,2,chari,135,139,0.43,0.981,3.209,0,0.35,0.62,0.014,0,174
conservative,ADAPTATION,2,chari,140,144,0.44,1.014,3.362,0,0.35,0.641,0.014,0,180
conservative,ADAPTATION,2,chari,145,149,0.45,1.046,3.514,0,0.35,0.662,0.015,0,186
conservative,ADAPTATION,2,chari,150,154,0.45,1.078,3.665,0,0.35,0.683,0.015,0,192
conservative,ADAPTATION,2,chari,155,159,0.46,1.109,3.815,0,0.35,0.703,0.016,0,197
conservative,ADAPTATION,2,chari,160,164,0.47,1.141,3.964,0,0.35,0.724,0.016,0,203
conservative,ADAPTATION,2,chari,165,169,0.47,1.172,4.112,0,0.35,0.744,0.017,0,209
conservative,ADAPTATION,2,chari,170,174,0.48,1.203,4.259,0,0.35,0.765,0.017,0,214
conservative,ADAPTATION,2,chari,175,179,0.49,1.234,4.405,0,0.35,0.785,0.018,0,220
conservative,ADAPTATION,2,chari,180,184,0.49,1.265,4.549,0,0.35,0.805,0.018,0,225
conservative,ADAPTATION,2,chari,185,189,0.5,1.295,4.693,0,0.35,0.824,0.019,0,231
conservative,ADAPTATION,2,chari,190,194,0.5,1.325,4.836,0,0.35,0.844,0.019,0,236
conservative,ADAPTATION,2,chari,195,199,0.51,1.355,4.978,0,0.35,0.864,0.02,0,242
conservative,ADAPTATION,2,chari,200,204,0.51,1.385,5.118,0,0.35,0.883,0.02,0,247
conservative,ADAPTATION,2,chari,205,209,0.52,1.414,5.258,0,0.35,0.902,0.021,0,252
conservative,ADAPTATION,2,chari,210,214,0.52,1.444,5.397,0,0.35,0.921,0.021,0,258
conservative,ADAPTATION,2,chari,215,219,0.53,1.473,5.534,0,0.35,0.94,0.022,0,263
conservative,ADAPTATION,2,chari,220,224,0.53,1.502,5.671,0,0.35,0.959,0.022,0,268
conservative,ADAPTATION,2,chari,225,229,0.53,1.53,5.806,0,0.35,0.978,0.022,0,273
conservative,ADAPTATION,2,chari,230,234,0.54,1.559,5.941,0,0.35,0.996,0.023,0,279
conservative,ADAPTATION,2,chari,235,239,0.54,1.587,6.075,0,0.35,1.015,0.023,0,284
conservative,ADAPTATION,2,chari,240,244,0.54,1.615,6.207,0,0.35,1.033,0.024,0,289
conservative,ADAPTATION,2,chari,245,249,0.55,1.643,6.339,0,0.35,1.051,0.024,0,294
conservative,ADAPTATION,2,chari,250,254,0.55,1.67,6.469,0,0.35,1.069,0.025,0,299
conservative,ADAPTATION,2,chari,255,259,0.55,1.698,6.599,0,0.35,1.087,0.025,0,304
conservative,ADAPTATION,2,chari,260,264,0.55,1.725,6.728,0,0.35,1.104,0.026,0,309
conservative,ADAPTATION,2,chari,265,269,0.56,1.752,6.855,0,0.35,1.122,0.026,0,313
conservative,ADAPTATION,2,chari,270,274,0.56,1.779,6.982,0,0.35,1.139,0.026,0,318
conservative,ADAPTATION,2,chari,275,279,0.56,1.805,7.107,0,0.35,1.156,0.027,0,323
conservative,ADAPTATION,2,chari,280,284,0.56,1.831,7.232,0,0.35,1.174,0.027,0,328
conservative,ADAPTATION,2,chari,285,289,0.56,1.857,7.355,0,0.35,1.19,0.028,0,333
conservative,ADAPTATION,2,chari,290,294,0.57,1.883,7.478,0,0.35,1.207,0.028,0,337
conservative,ADAPTATION,2,chari,295,299,0.57,1.909,7.599,0,0.35,1.224,0.028,0,342
conservative,ADAPTATION,2,chari,300,304,0.57,1.934,7.72,0,0.35,1.24,0.029,0,346
conservative,ADAPTATION,3,chari,120,124,0.51,1.146,3.082,0,0.35,0.439,0.009,0,167
conservative,ADAPTATION,3,chari,125,129,0.52,1.189,3.251,0,0.35,0.456,0.009,0,173
conservative,ADAPTATION,3,chari,130,134,0.53,1.231,3.418,0,0.35,0.473,0.009,0,179
conservative,ADAPTATION,3,chari,135,139,0.54,1.273,3.585,0,0.35,0.49,0.01,0,185
conservative,ADAPTATION,3,chari,140,144,0.55,1.315,3.75,0,0.35,0.507,0.01,0,192
conservative,ADAPTATION,3,chari,145,149,0.56,1.357,3.915,0,0.35,0.523,0.01,0,198
conservative,ADAPTATION,3,chari,150,154,0.57,1.399,4.078,0,0.35,0.54,0.011,0,204
conservative,ADAPTATION,3,chari,155,159,0.57,1.44,4.24,0,0.35,0.556,0.011,0,210
conservative,ADAPTATION,3,chari,160,164,0.58,1.481,4.401,0,0.35,0.572,0.012,0,216
conservative,ADAPTATION,3,chari,165,169,0.59,1.521,4.561,0,0.35,0.589,0.012,0,222
conservative,ADAPTATION,3,chari,170,174,0.6,1.562,4.719,0,0.35,0.605,0.012,0,228
conservative,ADAPTATION,3,chari,175,179,0.6,1.602,4.877,0,0.35,0.621,0.013,0,234
conservative,ADAPTATION,3,chari,180,184,0.61,1.642,5.033,0,0.35,0.637,0.013,0,240
conservative,ADAPTATION,3,chari,185,189,0.61,1.681,5.189,0,0.35,0.652,0.013,0,246
conservative,ADAPTATION,3,chari,190,194,0.62,1.72,5.343,0,0.35,0.668,0.014,0,252
conservative,ADAPTATION,3,chari,195,199,0.62,1.759,5.496,0,0.35,0.684,0.014,0,257
conservative,ADAPTATION,3,chari,200,204,0.63,1.798,5.648,0,0.35,0.699,0.015,0,263
conservative,ADAPTATION,3,chari,205,209,0.63,1.836,5.799,0,0.35,0.714,0.015,0,269
conservative,ADAPTATION,3,chari,210,214,0.64,1.874,5.949,0,0.35,0.729,0.015,0,274
conservative,ADAPTATION,3,chari,215,219,0.64,1.912,6.098,0,0.35,0.744,0.016,0,280
conservative,ADAPTATION,3,chari,220,224,0.65,1.95,6.246,0,0.35,0.759,0.016,0,286
conservative,ADAPTATION,3,chari,225,229,0.65,1.987,6.392,0,0.35,0.774,0.016,0,291
conservative,ADAPTATION,3,chari,230,234,0.65,2.024,6.538,0,0.35,0.789,0.017,0,297
conservative,ADAPTATION,3,chari,235,239,0.66,2.061,6.682,0,0.35,0.804,0.017,0,302
conservative,ADAPTATION,3,chari,240,244,0.66,2.097,6.826,0,0.35,0.818,0.017,0,307
conservative,ADAPTATION,3,chari,245,249,0.66,2.133,6.968,0,0.35,0.833,0.018,0,313
conservative,ADAPTATION,3,chari,250,254,0.67,2.169,7.109,0,0.35,0.847,0.018,0,318
conservative,ADAPTATION,3,chari,255,259,0.67,2.205,7.249,0,0.35,0.861,0.018,0,323
conservative,ADAPTATION,3,chari,260,264,0.67,2.24,7.388,0,0.35,0.875,0.019,0,329
conservative,ADAPTATION,3,chari,265,269,0.67,2.275,7.526,0,0.35,0.889,0.019,0,334
conservative,ADAPTATION,3,chari,270,274,0.68,2.31,7.663,0,0.35,0.903,0.019,0,339
conservative,ADAPTATION,3,chari,275,279,0.68,2.344,7.798,0,0.35,0.917,0.02,0,344
conservative,ADAPTATION,3,chari,280,284,0.68,2.378,7.933,0,0.35,0.93,0.02,0,349
conservative,ADAPTATION,3,chari,285,289,0.68,2.412,8.067,0,0.35,0.944,0.02,0,354
conservative,ADAPTATION,3,chari,290,294,0.68,2.446,8.199,0,0.35,0.957,0.02,0,359
conservative,ADAPTATION,3,chari,295,299,0.69,2.479,8.33,0,0.35,0.97,0.021,0,364
conservative,ADAPTATION,3,chari,300,304,0.69,2.512,8.461,0,0.35,0.983,0.021,0,369
conservative,ADAPTATION,4,chari,120,124,0.62,1.438,3.419,0,0.35,0.296,0.004,0,176
conservative,ADAPTATION,4,chari,125,129,0.63,1.492,3.6,0,0.35,0.308,0.004,0,183
conservative,ADAPTATION,4,chari,130,134,0.64,1.545,3.781,0,0.35,0.319,0.005,0,190
conservative,ADAPTATION,4,chari,135,139,0.65,1.598,3.959,0,0.35,0.331,0.005,0,196
conservative,ADAPTATION,4,chari,140,144,0.66,1.651,4.137,0,0.35,0.342,0.005,0,203
conservative,ADAPTATION,4,chari,145,149,0.67,1.703,4.314,0,0.35,0.354,0.005,0,209
conservative,ADAPTATION,4,chari,150,154,0.68,1.756,4.489,0,0.35,0.365,0.006,0,216
conservative,ADAPTATION,4,chari,155,159,0.69,1.807,4.663,0,0.35,0.376,0.006,0,222
conservative,ADAPTATION,4,chari,160,164,0.7,1.859,4.836,0,0.35,0.387,0.006,0,229
conservative,ADAPTATION,4,chari,165,169,0.7,1.91,5.008,0,0.35,0.398,0.006,0,235
conservative,ADAPTATION,4,chari,170,174,0.71,1.96,5.179,0,0.35,0.409,0.007,0,241
conservative,ADAPTATION,4,chari,175,179,0.72,2.011,5.348,0,0.35,0.42,0.007,0,248
conservative,ADAPTATION,4,chari,180,184,0.72,2.061,5.516,0,0.35,0.431,0.007,0,254
conservative,ADAPTATION,4,chari,185,189,0.73,2.11,5.683,0,0.35,0.442,0.007,0,260
conservative,ADAPTATION,4,chari,190,194,0.73,2.16,5.849,0,0.35,0.453,0.007,0,266
conservative,ADAPTATION,4,chari,195,199,0.74,2.209,6.014,0,0.35,0.463,0.008,0,272
conservative,ADAPTATION,4,chari,200,204,0.75,2.257,6.177,0,0.35,0.474,0.008,0,278
conservative,ADAPTATION,4,chari,205,209,0.75,2.305,6.339,0,0.35,0.484,0.008,0,284
conservative,ADAPTATION,4,chari,210,214,0.75,2.353,6.501,0,0.35,0.495,0.008,0,290
conservative,ADAPTATION,4,chari,215,219,0.76,2.401,6.66,0,0.35,0.505,0.008,0,296
conservative,ADAPTATION,4,chari,220,224,0.76,2.448,6.819,0,0.35,0.515,0.009,0,302
conservative,ADAPTATION,4,chari,225,229,0.77,2.495,6.977,0,0.35,0.526,0.009,0,308
conservative,ADAPTATION,4,chari,230,234,0.77,2.541,7.133,0,0.35,0.536,0.009,0,314
conservative,ADAPTATION,4,chari,235,239,0.78,2.587,7.288,0,0.35,0.546,0.009,0,320
conservative,ADAPTATION,4,chari,240,244,0.78,2.633,7.443,0,0.35,0.556,0.009,0,325
conservative,ADAPTATION,4,chari,245,249,0.78,2.679,7.595,0,0.35,0.566,0.01,0,331
conservative,ADAPTATION,4,chari,250,254,0.78,2.724,7.747,0,0.35,0.575,0.01,0,337
conservative,ADAPTATION,4,chari,255,259,0.79,2.768,7.898,0,0.35,0.585,0.01,0,342
conservative,ADAPTATION,4,chari,260,264,0.79,2.813,8.047,0,0.35,0.595,0.01,0,348
conservative,ADAPTATION,4,chari,265,269,0.79,2.857,8.195,0,0.35,0.604,0.01,0,353
conservative,ADAPTATION,4,chari,270,274,0.8,2.9,8.342,0,0.35,0.614,0.011,0,359
conservative,ADAPTATION,4,chari,275,279,0.8,2.944,8.488,0,0.35,0.623,0.011,0,364
conservative,ADAPTATION,4,chari,280,284,0.8,2.987,8.633,0,0.35,0.632,0.011,0,369
conservative,ADAPTATION,4,chari,285,289,0.8,3.029,8.776,0,0.35,0.642,0.011,0,375
conservative,ADAPTATION,4,chari,290,294,0.8,3.071,8.919,0,0.35,0.651,0.011,0,380
conservative,ADAPTATION,4,chari,295,299,0.81,3.113,9.06,0,0.35,0.66,0.011,0,385
conservative,ADAPTATION,4,chari,300,304,0.81,3.155,9.2,0,0.35,0.669,0.012,0,390
conservative,ADAPTATION,5,chari,120,124,0.73,1.759,3.736,0,0.35,0.13,0.0,0,186
conservative,ADAPTATION,5,chari,125,129,0.74,1.825,3.931,0,0.35,0.136,0.0,0,193
conservative,ADAPTATION,5,chari,130,134,0.75,1.891,4.125,0,0.35,0.141,0.0,0,200
conservative,ADAPTATION,5,chari,135,139,0.76,1.956,4.317,0,0.35,0.146,0.0,0,207
conservative,ADAPTATION,5,chari,140,144,0.77,2.02,4.508,0,0.35,0.151,0.0,0,214
conservative,ADAPTATION,5,chari,145,149,0.78,2.085,4.698,0,0.35,0.156,0.0,0,220
conservative,ADAPTATION,5,chari,150,154,0.79,2.148,4.887,0,0.35,0.161,0.0,0,227
conservative,ADAPTATION,5,chari,155,159,0.8,2.212,5.074,0,0.35,0.166,0.0,0,234
conservative,ADAPTATION,5,chari,160,164,0.81,2.275,5.26,0,0.35,0.171,0.0,0,241
conservative,ADAPTATION,5,chari,165,169,0.82,2.337,5.445,0,0.35,0.175,0.0,0,247
conservative,ADAPTATION,5,chari,170,174,0.82,2.399,5.628,0,0.35,0.18,0.0,0,254
conservative,ADAPTATION,5,chari,175,179,0.83,2.461,5.81,0,0.35,0.185,0.0,0,261
conservative,ADAPTATION,5,chari,180,184,0.84,2.522,5.991,0,0.35,0.19,0.0,0,267
conservative,ADAPTATION,5,chari,185,189,0.84,2.583,6.171,0,0.35,0.195,0.0,0,274
conservative,ADAPTATION,5,chari,190,194,0.85,2.643,6.349,0,0.35,0.199,0.0,0,280
conservative,ADAPTATION,5,chari,195,199,0.86,2.703,6.526,0,0.35,0.204,0.0,0,287
conservative,ADAPTATION,5,chari,200,204,0.86,2.763,6.702,0,0.35,0.209,0.0,0,293
conservative,ADAPTATION,5,chari,205,209,0.87,2.822,6.877,0,0.35,0.213,0.0,0,299
conservative,ADAPTATION,5,chari,210,214,0.87,2.88,7.05,0,0.35,0.218,0.0,0,306
conservative,ADAPTATION,5,chari,215,219,0.88,2.939,7.222,0,0.35,0.222,0.0,0,312
conservative,ADAPTATION,5,chari,220,224,0.88,2.996,7.392,0,0.35,0.227,0.0,0,318
conservative,ADAPTATION,5,chari,225,229,0.88,3.054,7.56,0,0.35,0.232,0.0,0,324
conservative,ADAPTATION,5,chari,230,234,0.89,3.111,7.728,0,0.35,0.236,0.0,0,330
conservative,ADAPTATION,5,chari,235,239,0.89,3.167,7.894,0,0.35,0.241,0.0,0,336
conservative,ADAPTATION,5,chari,240,244,0.9,3.223,8.059,0,0.35,0.245,0.0,0,342
conservative,ADAPTATION,5,chari,245,249,0.9,3.279,8.222,0,0.35,0.25,0.0,0,348
conservative,ADAPTATION,5,chari,250,254,0.9,3.334,8.384,0,0.35,0.254,0.0,0,354
conservative,ADAPTATION,5,chari,255,259,0.91,3.389,8.545,0,0.35,0.259,0.0,0,360
conservative,ADAPTATION,5,chari,260,264,0.91,3.443,8.705,0,0.35,0.263,0.0,0,366
conservative,ADAPTATION,5,chari,265,269,0.91,3.497,8.864,0,0.35,0.267,0.0,0,371
conservative,ADAPTATION,5,chari,270,274,0.91,3.55,9.021,0,0.35,0.272,0.0,0,377
conservative,ADAPTATION,5,chari,275,279,0.92,3.603,9.177,0,0.35,0.276,0.0,0,383
conservative,ADAPTATION,5,chari,280,284,0.92,3.656,9.332,0,0.35,0.28,0.0,0,389
conservative,ADAPTATION,5,chari,285,289,0.92,3.708,9.485,0,0.35,0.284,0.0,0,394
conservative,ADAPTATION,5,chari,290,294,0.92,3.76,9.637,0,0.35,0.289,0.001,0,400
conservative,ADAPTATION,5,chari,295,299,0.92,3.811,9.788,0,0.35,0.293,0.001,0,405
conservative,ADAPTATION,5,chari,300,304,0.93,3.862,9.938,0,0.35,0.297,0.001,0,411
conservative,ADAPTATION,6,chari,120,124,0.83,2.052,3.997,0,0.35,0.0,0.0,0,196
conservative,ADAPTATION,6,chari,125,129,0.85,2.13,4.2,0,0.35,0.0,0.0,0,204
conservative,ADAPTATION,6,chari,130,134,0.86,2.207,4.402,0,0.35,0.0,0.0,0,211
conservative,ADAPTATION,6,chari,135,139,0.87,2.283,4.603,0,0.35,0.0,0.0,0,218
conservative,ADAPTATION,6,chari,140,144,0.88,2.36,4.803,0,0.35,0.0,0.0,0,226
conservative,ADAPTATION,6,chari,145,149,0.89,2.435,5.001,0,0.35,0.0,0.0,0,233
conservative,ADAPTATION,6,chari,150,154,0.9,2.51,5.198,0,0.35,0.0,0.0,0,240
conservative,ADAPTATION,6,chari,155,159,0.91,2.585,5.393,0,0.35,0.0,0.0,0,247
conservative,ADAPTATION,6,chari,160,164,0.92,2.659,5.588,0,0.35,0.0,0.0,0,255
conservative,ADAPTATION,6,chari,165,169,0.93,2.732,5.78,0,0.35,0.0,0.0,0,262
conservative,ADAPTATION,6,chari,170,174,0.93,2.805,5.972,0,0.35,0.0,0.0,0,269
conservative,ADAPTATION,6,chari,175,179,0.94,2.878,6.162,0,0.35,0.0,0.0,0,276
conservative,ADAPTATION,6,chari,180,184,0.95,2.95,6.351,0,0.35,0.0,0.0,0,282
conservative,ADAPTATION,6,chari,185,189,0.95,3.021,6.538,0,0.35,0.0,0.0,0,289
conservative,ADAPTATION,6,chari,190,194,0.96,3.092,6.725,0,0.35,0.0,0.0,0,296
conservative,ADAPTATION,6,chari,195,199,0.97,3.163,6.909,0,0.35,0.0,0.0,0,303
conservative,ADAPTATION,6,chari,200,204,0.97,3.233,7.093,0,0.35,0.0,0.0,0,310
conservative,ADAPTATION,6,chari,205,209,0.98,3.302,7.275,0,0.35,0.0,0.0,0,316
conservative,ADAPTATION,6,chari,210,214,0.98,3.371,7.456,0,0.35,0.0,0.0,0,323
conservative,ADAPTATION,6,chari,215,219,0.99,3.44,7.636,0,0.35,0.0,0.0,0,330
conservative,ADAPTATION,6,chari,220,224,0.99,3.508,7.814,0,0.35,0.0,0.0,0,336
conservative,ADAPTATION,6,chari,225,229,1.0,3.575,7.991,0,0.35,0.0,0.0,0,343
conservative,ADAPTATION,6,chari,230,234,1.0,3.642,8.166,0,0.35,0.0,0.0,0,349
conservative,ADAPTATION,6,chari,235,239,1.01,3.709,8.341,0,0.35,0.0,0.0,0,355
conservative,ADAPTATION,6,chari,240,244,1.01,3.775,8.513,0,0.35,0.0,0.0,0,362
conservative,ADAPTATION,6,chari,245,249,1.01,3.84,8.685,0,0.35,0.0,0.0,0,368
conservative,ADAPTATION,6,chari,250,254,1.02,3.905,8.855,0,0.35,0.0,0.0,0,374
conservative,ADAPTATION,6,chari,255,259,1.02,3.969,9.024,0,0.35,0.0,0.0,0,380
conservative,ADAPTATION,6,chari,260,264,1.02,4.033,9.192,0,0.35,0.0,0.0,0,387
conservative,ADAPTATION,6,chari,265,269,1.03,4.097,9.358,0,0.35,0.0,0.0,0,393
conservative,ADAPTATION,6,chari,270,274,1.03,4.159,9.523,0,0.35,0.0,0.0,0,399
conservative,ADAPTATION,6,chari,275,279,1.03,4.222,9.687,0,0.35,0.0,0.0,0,405
conservative,ADAPTATION,6,chari,280,284,1.03,4.284,9.849,0,0.35,0.0,0.0,0,411
conservative,ADAPTATION,6,chari,285,289,1.04,4.345,10.01,0,0.35,0.0,0.0,0,417
conservative,ADAPTATION,6,chari,290,294,1.04,4.406,10.17,0,0.35,0.0,0.0,0,422
conservative,ADAPTATION,6,chari,295,299,1.04,4.466,10.329,0,0.35,0.0,0.0,0,428
conservative,ADAPTATION,6,chari,300,304,1.04,4.526,10.486,0,0.35,0.0,0.0,0,434
conservative,ADAPTATION,7,chari,120,124,0.91,2.095,4.245,0,0.35,0.069,0.0,0,208
conservative,ADAPTATION,7,chari,125,129,0.93,2.181,4.459,0,0.35,0.065,0.0,0,216
conservative,ADAPTATION,7,chari,130,134,0.94,2.266,4.67,0,0.35,0.062,0.0,0,224
conservative,ADAPTATION,7,chari,135,139,0.95,2.351,4.88,0,0.35,0.058,0.0,0,232
conservative,ADAPTATION,7,chari,140,144,0.96,2.436,5.089,0,0.35,0.054,0.0,0,239
conservative,ADAPTATION,7,chari,145,149,0.97,2.52,5.297,0,0.35,0.05,0.0,0,247
conservative,ADAPTATION,7,chari,150,154,0.98,2.603,5.503,0,0.35,0.047,0.0,0,254
conservative,ADAPTATION,7,chari,155,159,0.99,2.686,5.708,0,0.35,0.043,0.0,0,262
conservative,ADAPTATION,7,chari,160,164,1.0,2.768,5.911,0,0.35,0.039,0.0,0,269
conservative,ADAPTATION,7,chari,165,169,1.01,2.849,6.114,0,0.35,0.036,0.0,0,277
conservative,ADAPTATION,7,chari,170,174,1.02,2.928,6.318,0,0.35,0.033,0.0,0,284
conservative,ADAPTATION,7,chari,175,179,1.03,3.007,6.521,0,0.35,0.03,0.0,0,291
conservative,ADAPTATION,7,chari,180,184,1.03,3.085,6.722,0,0.35,0.028,0.0,0,298
conservative,ADAPTATION,7,chari,185,189,1.04,3.163,6.922,0,0.35,0.025,0.0,0,306
conservative,ADAPTATION,7,chari,190,194,1.05,3.24,7.121,0,0.35,0.022,0.0,0,313
conservative,ADAPTATION,7,chari,195,199,1.05,3.316,7.318,0,0.35,0.019,0.0,0,320
conservative,ADAPTATION,7,chari,200,204,1.06,3.392,7.514,0,0.35,0.017,0.0,0,327
conservative,ADAPTATION,7,chari,205,209,1.07,3.468,7.708,0,0.35,0.014,0.0,0,334
conservative,ADAPTATION,7,chari,210,214,1.07,3.543,7.901,0,0.35,0.011,0.0,0,341
conservative,ADAPTATION,7,chari,215,219,1.08,3.617,8.092,0,0.35,0.009,0.0,0,347
conservative,ADAPTATION,7,chari,220,224,1.08,3.691,8.282,0,0.35,0.006,0.0,0,354
conservative,ADAPTATION,7,chari,225,229,1.09,3.764,8.471,0,0.35,0.003,0.0,0,361
conservative,ADAPTATION,7,chari,230,234,1.09,3.836,8.658,0,0.35,0.001,0.0,0,368
conservative,ADAPTATION,7,chari,235,239,1.09,3.907,8.842,0,0.35,0.0,0.0,0,374
conservative,ADAPTATION,7,chari,240,244,1.1,3.977,9.024,0,0.35,0.0,0.0,0,381
conservative,ADAPTATION,7,chari,245,249,1.1,4.045,9.205,0,0.35,0.0,0.0,0,388
conservative,ADAPTATION,7,chari,250,254,1.11,4.114,9.384,0,0.35,0.0,0.0,0,394
conservative,ADAPTATION,7,chari,255,259,1.11,4.182,9.561,0,0.35,0.0,0.0,0,401
conservative,ADAPTATION,7,chari,260,264,1.11,4.249,9.738,0,0.35,0.0,0.0,0,407
conservative,ADAPTATION,7,chari,265,269,1.11,4.316,9.913,0,0.35,0.0,0.0,0,414
conservative,ADAPTATION,7,chari,270,274,1.12,4.382,10.086,0,0.35,0.0,0.0,0,420
conservative,ADAPTATION,7,chari,275,279,1.12,4.448,10.258,0,0.35,0.0,0.0,0,426
conservative,ADAPTATION,7,chari,280,284,1.12,4.513,10.429,0,0.35,0.0,0.0,0,432
conservative,ADAPTATION,7,chari,285,289,1.12,4.577,10.598,0,0.35,0.0,0.0,0,439
conservative,ADAPTATION,7,chari,290,294,1.13,4.642,10.766,0,0.35,0.0,0.0,0,445
conservative,ADAPTATION,7,chari,295,299,1.13,4.705,10.933,0,0.35,0.0,0.0,0,451
conservative,ADAPTATION,7,chari,300,304,1.13,4.768,11.098,0,0.35,0.0,0.0,0,457
type-1,STEADY,,silage,120,124,1.03,2.337,0,3.708,0.35,0.01,0.0,0,242
type-1,STEADY,,silage,125,129,1.04,2.42,0,3.916,0.35,0.009,0.0,0,251
type-1,STEADY,,silage,130,134,1.05,2.504,0,4.124,0.35,0.008,0.0,0,261
type-1,STEADY,,silage,135,139,1.07,2.586,0,4.33,0.35,0.007,0.0,0,270
type-1,STEADY,,silage,140,144,1.08,2.668,0,4.535,0.35,0.006,0.0,0,279
type-1,STEADY,,silage,145,149,1.09,2.75,0,4.738,0.35,0.005,0.0,0,288
type-1,STEADY,,silage,150,154,1.1,2.831,0,4.94,0.35,0.004,0.0,0,297
type-1,STEADY,,silage,155,159,1.11,2.912,0,5.141,0.35,0.003,0.0,0,306
type-1,STEADY,,silage,160,164,1.12,2.992,0,5.33,0.35,0.004,0.0,0,315
type-1,STEADY,,silage,165,169,1.13,3.072,0,5.512,0.35,0.006,0.0,0,324
type-1,STEADY,,silage,170,174,1.14,3.152,0,5.694,0.35,0.009,0.0,0,333
type-1,STEADY,,silage,175,179,1.15,3.231,0,5.874,0.35,0.011,0.0,0,342
type-1,STEADY,,silage,180,184,1.15,3.31,0,6.053,0.35,0.013,0.0,0,351
type-1,STEADY,,silage,185,189,1.16,3.388,0,6.228,0.35,0.016,0.0,0,360
type-1,STEADY,,silage,190,194,1.17,3.466,0,6.403,0.35,0.019,0.0,0,369
type-1,STEADY,,silage,195,199,1.18,3.543,0,6.576,0.35,0.021,0.0,0,377
type-1,STEADY,,silage,200,204,1.18,3.62,0,6.748,0.35,0.024,0.001,0,386
type-1,STEADY,,silage,205,209,1.19,3.697,0,6.918,0.35,0.026,0.001,0,395
type-1,STEADY,,silage,210,214,1.2,3.772,0,7.088,0.35,0.029,0.001,0,403
type-1,STEADY,,silage,215,219,1.2,3.848,0,7.257,0.35,0.032,0.001,0,411
type-1,STEADY,,silage,220,224,1.21,3.922,0,7.424,0.35,0.034,0.001,0,420
type-1,STEADY,,silage,225,229,1.21,3.997,0,7.59,0.35,0.037,0.001,0,428
type-1,STEADY,,silage,230,234,1.22,4.07,0,7.755,0.35,0.039,0.001,0,437
type-1,STEADY,,silage,235,239,1.22,4.144,0,7.919,0.35,0.042,0.001,0,445
type-1,STEADY,,silage,240,244,1.23,4.216,0,8.082,0.35,0.044,0.002,0,453
type-1,STEADY,,silage,245,249,1.23,4.288,0,8.244,0.35,0.047,0.002,0,461
type-1,STEADY,,silage,250,254,1.24,4.36,0,8.404,0.35,0.049,0.002,0,469
type-1,STEADY,,silage,255,259,1.24,4.431,0,8.564,0.35,0.052,0.002,0,477
type-1,STEADY,,silage,260,264,1.24,4.502,0,8.722,0.35,0.054,0.002,0,485
type-1,STEADY,,silage,265,269,1.25,4.572,0,8.879,0.35,0.056,0.002,0,493
type-1,STEADY,,silage,270,274,1.25,4.642,0,9.035,0.35,0.059,0.002,0,501
type-1,STEADY,,silage,275,279,1.25,4.711,0,9.19,0.35,0.061,0.002,0,508
type-1,STEADY,,silage,280,284,1.26,4.779,0,9.343,0.35,0.063,0.002,0,516
type-1,STEADY,,silage,285,289,1.26,4.848,0,9.496,0.35,0.066,0.003,0,524
type-1,STEADY,,silage,290,294,1.26,4.915,0,9.647,0.35,0.068,0.003,0,531
type-1,STEADY,,silage,295,299,1.26,4.982,0,9.798,0.35,0.07,0.003,0,539
type-1,STEADY,,silage,300,304,1.27,5.049,0,9.947,0.35,0.072,0.003,0,546
type-1,STEADY,,chari,120,124,1.03,2.264,4.648,0,0.35,0.06,0.0,0,223
type-1,STEADY,,chari,125,129,1.04,2.357,4.877,0,0.35,0.056,0.0,0,232
type-1,STEADY,,chari,130,134,1.05,2.449,5.106,0,0.35,0.052,0.0,0,240
type-1,STEADY,,chari,135,139,1.07,2.541,5.332,0,0.35,0.048,0.0,0,248
type-1,STEADY,,chari,140,144,1.08,2.632,5.558,0,0.35,0.044,0.0,0,257
type-1,STEADY,,chari,145,149,1.09,2.723,5.781,0,0.35,0.04,0.0,0,265
type-1,STEADY,,chari,150,154,1.1,2.813,6.004,0,0.35,0.036,0.0,0,273
type-1,STEADY,,chari,155,159,1.11,2.901,6.228,0,0.35,0.032,0.0,0,281
type-1,STEADY,,chari,160,164,1.12,2.989,6.452,0,0.35,0.029,0.0,0,289
type-1,STEADY,,chari,165,169,1.13,3.075,6.674,0,0.35,0.026,0.0,0,297
type-1,STEADY,,chari,170,174,1.14,3.161,6.895,0,0.35,0.023,0.0,0,305
type-1,STEADY,,chari,175,179,1.15,3.247,7.115,0,0.35,0.02,0.0,0,313
type-1,STEADY,,chari,180,184,1.16,3.331,7.333,0,0.35,0.017,0.0,0,321
type-1,STEADY,,chari,185,189,1.16,3.416,7.55,0,0.35,0.014,0.0,0,328
type-1,STEADY,,chari,190,194,1.17,3.5,7.765,0,0.35,0.011,0.0,0,336
type-1,STEADY,,chari,195,199,1.18,3.583,7.979,0,0.35,0.008,0.0,0,344
type-1,STEADY,,chari,200,204,1.19,3.666,8.191,0,0.35,0.005,0.0,0,351
type-1,STEADY,,chari,205,209,1.19,3.748,8.402,0,0.35,0.002,0.0,0,359
type-1,STEADY,,chari,210,214,1.2,3.828,8.611,0,0.35,0.0,0.0,0,366
type-1,STEADY,,chari,215,219,1.2,3.907,8.816,0,0.35,0.0,0.0,0,374
type-1,STEADY,,chari,220,224,1.21,3.985,9.02,0,0.35,0.0,0.0,0,382
type-1,STEADY,,chari,225,229,1.22,4.063,9.222,0,0.35,0.0,0.0,0,389
type-1,STEADY,,chari,230,234,1.22,4.14,9.423,0,0.35,0.0,0.0,0,396
type-1,STEADY,,chari,235,239,1.23,4.216,9.623,0,0.35,0.0,0.0,0,404
type-1,STEADY,,chari,240,244,1.23,4.292,9.821,0,0.35,0.0,0.0,0,411
type-1,STEADY,,chari,245,249,1.23,4.367,10.018,0,0.35,0.0,0.0,0,418
type-1,STEADY,,chari,250,254,1.24,4.442,10.213,0,0.35,0.0,0.0,0,425
type-1,STEADY,,chari,255,259,1.24,4.517,10.408,0,0.35,0.0,0.0,0,433
type-1,STEADY,,chari,260,264,1.25,4.59,10.6,0,0.35,0.0,0.0,0,440
type-1,STEADY,,chari,265,269,1.25,4.664,10.792,0,0.35,0.0,0.0,0,447
type-1,STEADY,,chari,270,274,1.25,4.736,10.982,0,0.35,0.0,0.0,0,454
type-1,STEADY,,chari,275,279,1.26,4.809,11.17,0,0.35,0.0,0.0,0,461
type-1,STEADY,,chari,280,284,1.26,4.88,11.357,0,0.35,0.0,0.0,0,467
type-1,STEADY,,chari,285,289,1.26,4.951,11.543,0,0.35,0.0,0.0,0,474
type-1,STEADY,,chari,290,294,1.26,5.022,11.727,0,0.35,0.0,0.0,0,481
type-1,STEADY,,chari,295,299,1.27,5.092,11.91,0,0.35,0.0,0.0,0,488
type-1,STEADY,,chari,300,304,1.27,5.162,12.092,0,0.35,0.0,0.0,0,494
type-1,ADAPTATION,1,chari,120,124,0.37,0.697,2.67,0,0.35,0.698,0.016,0,156
type-1,ADAPTATION,1,chari,125,129,0.38,0.723,2.825,0,0.35,0.725,0.017,0,162
type-1,ADAPTATION,1,chari,130,134,0.39,0.749,2.978,0,0.35,0.751,0.018,0,168
type-1,ADAPTATION,1,chari,135,139,0.4,0.774,3.13,0,0.35,0.778,0.018,0,174
type-1,ADAPTATION,1,chari,140,144,0.41,0.8,3.282,0,0.35,0.804,0.019,0,180
type-1,ADAPTATION,1,chari,145,149,0.42,0.825,3.432,0,0.35,0.831,0.02,0,186
type-1,ADAPTATION,1,chari,150,154,0.42,0.851,3.582,0,0.35,0.857,0.02,0,192
type-1,ADAPTATION,1,chari,155,159,0.43,0.876,3.73,0,0.35,0.883,0.021,0,198
type-1,ADAPTATION,1,chari,160,164,0.44,0.901,3.878,0,0.35,0.909,0.022,0,203
type-1,ADAPTATION,1,chari,165,169,0.45,0.926,4.024,0,0.35,0.934,0.022,0,209
type-1,ADAPTATION,1,chari,170,174,0.45,0.95,4.17,0,0.35,0.96,0.023,0,215
type-1,ADAPTATION,1,chari,175,179,0.46,0.975,4.315,0,0.35,0.985,0.023,0,220
type-1,ADAPTATION,1,chari,180,184,0.46,0.999,4.459,0,0.35,1.01,0.024,0,226
type-1,ADAPTATION,1,chari,185,189,0.47,1.023,4.601,0,0.35,1.035,0.025,0,232
type-1,ADAPTATION,1,chari,190,194,0.48,1.047,4.743,0,0.35,1.06,0.025,0,237
type-1,ADAPTATION,1,chari,195,199,0.48,1.071,4.884,0,0.35,1.085,0.026,0,243
type-1,ADAPTATION,1,chari,200,204,0.49,1.095,5.024,0,0.35,1.109,0.027,0,248
type-1,ADAPTATION,1,chari,205,209,0.49,1.118,5.163,0,0.35,1.134,0.027,0,254
type-1,ADAPTATION,1,chari,210,214,0.49,1.142,5.302,0,0.35,1.158,0.028,0,259
type-1,ADAPTATION,1,chari,215,219,0.5,1.165,5.439,0,0.35,1.182,0.028,0,264
type-1,ADAPTATION,1,chari,220,224,0.5,1.188,5.575,0,0.35,1.206,0.029,0,270
type-1,ADAPTATION,1,chari,225,229,0.51,1.211,5.711,0,0.35,1.229,0.03,0,275
type-1,ADAPTATION,1,chari,230,234,0.51,1.234,5.845,0,0.35,1.253,0.03,0,280
type-1,ADAPTATION,1,chari,235,239,0.51,1.256,5.979,0,0.35,1.276,0.031,0,285
type-1,ADAPTATION,1,chari,240,244,0.52,1.279,6.111,0,0.35,1.299,0.031,0,290
type-1,ADAPTATION,1,chari,245,249,0.52,1.301,6.243,0,0.35,1.323,0.032,0,296
type-1,ADAPTATION,1,chari,250,254,0.52,1.323,6.374,0,0.35,1.345,0.033,0,301
type-1,ADAPTATION,1,chari,255,259,0.53,1.345,6.503,0,0.35,1.368,0.033,0,306
type-1,ADAPTATION,1,chari,260,264,0.53,1.367,6.632,0,0.35,1.391,0.034,0,311
type-1,ADAPTATION,1,chari,265,269,0.53,1.389,6.76,0,0.35,1.413,0.034,0,316
type-1,ADAPTATION,1,chari,270,274,0.53,1.41,6.887,0,0.35,1.435,0.035,0,321
type-1,ADAPTATION,1,chari,275,279,0.54,1.432,7.013,0,0.35,1.457,0.035,0,326
type-1,ADAPTATION,1,chari,280,284,0.54,1.453,7.139,0,0.35,1.479,0.036,0,330
type-1,ADAPTATION,1,chari,285,289,0.54,1.474,7.263,0,0.35,1.501,0.037,0,335
type-1,ADAPTATION,1,chari,290,294,0.54,1.495,7.386,0,0.35,1.522,0.037,0,340
type-1,ADAPTATION,1,chari,295,299,0.54,1.515,7.509,0,0.35,1.544,0.038,0,345
type-1,ADAPTATION,1,chari,300,304,0.55,1.536,7.63,0,0.35,1.565,0.038,0,350
type-1,ADAPTATION,2,chari,120,124,0.49,0.947,3.033,0,0.35,0.6,0.013,0,168
type-1,ADAPTATION,2,chari,125,129,0.5,0.982,3.201,0,0.35,0.623,0.014,0,174
type-1,ADAPTATION,2,chari,130,134,0.51,1.017,3.368,0,0.35,0.646,0.014,0,181
type-1,ADAPTATION,2,chari,135,139,0.52,1.053,3.534,0,0.35,0.669,0.015,0,187
type-1,ADAPTATION,2,chari,140,144,0.53,1.087,3.698,0,0.35,0.692,0.015,0,193
type-1,ADAPTATION,2,chari,145,149,0.54,1.122,3.862,0,0.35,0.715,0.016,0,200
type-1,ADAPTATION,2,chari,150,154,0.54,1.157,4.025,0,0.35,0.737,0.017,0,206
type-1,ADAPTATION,2,chari,155,159,0.55,1.191,4.186,0,0.35,0.76,0.017,0,212
type-1,ADAPTATION,2,chari,160,164,0.56,1.225,4.347,0,0.35,0.782,0.018,0,218
type-1,ADAPTATION,2,chari,165,169,0.57,1.259,4.507,0,0.35,0.804,0.018,0,224
type-1,ADAPTATION,2,chari,170,174,0.57,1.292,4.665,0,0.35,0.826,0.019,0,231
type-1,ADAPTATION,2,chari,175,179,0.58,1.326,4.823,0,0.35,0.848,0.019,0,237
type-1,ADAPTATION,2,chari,180,184,0.59,1.359,4.979,0,0.35,0.87,0.02,0,243
type-1,ADAPTATION,2,chari,185,189,0.59,1.392,5.135,0,0.35,0.892,0.02,0,249
type-1,ADAPTATION,2,chari,190,194,0.6,1.425,5.289,0,0.35,0.913,0.021,0,255
type-1,ADAPTATION,2,chari,195,199,0.6,1.457,5.443,0,0.35,0.934,0.021,0,260
type-1,ADAPTATION,2,chari,200,204,0.61,1.49,5.595,0,0.35,0.956,0.022,0,266
type-1,ADAPTATION,2,chari,205,209,0.61,1.522,5.746,0,0.35,0.977,0.022,0,272
type-1,ADAPTATION,2,chari,210,214,0.62,1.554,5.897,0,0.35,0.998,0.023,0,278
type-1,ADAPTATION,2,chari,215,219,0.62,1.585,6.046,0,0.35,1.018,0.023,0,284
type-1,ADAPTATION,2,chari,220,224,0.63,1.617,6.194,0,0.35,1.039,0.024,0,289
type-1,ADAPTATION,2,chari,225,229,0.63,1.648,6.342,0,0.35,1.059,0.024,0,295
type-1,ADAPTATION,2,chari,230,234,0.64,1.679,6.488,0,0.35,1.08,0.025,0,301
type-1,ADAPTATION,2,chari,235,239,0.64,1.71,6.633,0,0.35,1.1,0.025,0,306
type-1,ADAPTATION,2,chari,240,244,0.64,1.74,6.778,0,0.35,1.12,0.026,0,312
type-1,ADAPTATION,2,chari,245,249,0.65,1.771,6.921,0,0.35,1.14,0.026,0,317
type-1,ADAPTATION,2,chari,250,254,0.65,1.801,7.063,0,0.35,1.16,0.027,0,323
type-1,ADAPTATION,2,chari,255,259,0.65,1.831,7.205,0,0.35,1.179,0.027,0,328
type-1,ADAPTATION,2,chari,260,264,0.66,1.861,7.345,0,0.35,1.199,0.028,0,333
type-1,ADAPTATION,2,chari,265,269,0.66,1.89,7.484,0,0.35,1.218,0.028,0,339
type-1,ADAPTATION,2,chari,270,274,0.66,1.92,7.623,0,0.35,1.237,0.029,0,344
type-1,ADAPTATION,2,chari,275,279,0.66,1.949,7.76,0,0.35,1.256,0.029,0,349
type-1,ADAPTATION,2,chari,280,284,0.67,1.977,7.896,0,0.35,1.275,0.03,0,355
type-1,ADAPTATION,2,chari,285,289,0.67,2.006,8.031,0,0.35,1.294,0.03,0,360
type-1,ADAPTATION,2,chari,290,294,0.67,2.035,8.166,0,0.35,1.313,0.031,0,365
type-1,ADAPTATION,2,chari,295,299,0.67,2.063,8.299,0,0.35,1.331,0.031,0,370
type-1,ADAPTATION,2,chari,300,304,0.67,2.091,8.431,0,0.35,1.349,0.032,0,375
type-1,ADAPTATION,3,chari,120,124,0.6,1.228,3.395,0,0.35,0.475,0.009,0,179
type-1,ADAPTATION,3,chari,125,129,0.62,1.274,3.576,0,0.35,0.493,0.01,0,186
type-1,ADAPTATION,3,chari,130,134,0.63,1.32,3.757,0,0.35,0.511,0.01,0,193
type-1,ADAPTATION,3,chari,135,139,0.64,1.366,3.936,0,0.35,0.53,0.011,0,199
type-1,ADAPTATION,3,chari,140,144,0.65,1.411,4.114,0,0.35,0.548,0.011,0,206
type-1,ADAPTATION,3,chari,145,149,0.66,1.456,4.291,0,0.35,0.566,0.011,0,213
type-1,ADAPTATION,3,chari,150,154,0.66,1.501,4.467,0,0.35,0.584,0.012,0,219
type-1,ADAPTATION,3,chari,155,159,0.67,1.546,4.641,0,0.35,0.602,0.012,0,226
type-1,ADAPTATION,3,chari,160,164,0.68,1.59,4.815,0,0.35,0.62,0.013,0,233
type-1,ADAPTATION,3,chari,165,169,0.69,1.634,4.988,0,0.35,0.637,0.013,0,239
type-1,ADAPTATION,3,chari,170,174,0.7,1.678,5.159,0,0.35,0.655,0.014,0,246
type-1,ADAPTATION,3,chari,175,179,0.7,1.721,5.329,0,0.35,0.672,0.014,0,252
type-1,ADAPTATION,3,chari,180,184,0.71,1.764,5.498,0,0.35,0.69,0.014,0,258
type-1,ADAPTATION,3,chari,185,189,0.72,1.807,5.667,0,0.35,0.707,0.015,0,265
type-1,ADAPTATION,3,chari,190,194,0.72,1.85,5.833,0,0.35,0.724,0.015,0,271
type-1,ADAPTATION,3,chari,195,199,0.73,1.892,5.999,0,0.35,0.741,0.016,0,277
type-1,ADAPTATION,3,chari,200,204,0.73,1.934,6.164,0,0.35,0.758,0.016,0,284
type-1,ADAPTATION,3,chari,205,209,0.74,1.976,6.328,0,0.35,0.775,0.016,0,290
type-1,ADAPTATION,3,chari,210,214,0.74,2.017,6.49,0,0.35,0.791,0.017,0,296
type-1,ADAPTATION,3,chari,215,219,0.75,2.058,6.652,0,0.35,0.808,0.017,0,302
type-1,ADAPTATION,3,chari,220,224,0.75,2.099,6.812,0,0.35,0.824,0.017,0,308
type-1,ADAPTATION,3,chari,225,229,0.76,2.14,6.972,0,0.35,0.841,0.018,0,314
type-1,ADAPTATION,3,chari,230,234,0.76,2.18,7.13,0,0.35,0.857,0.018,0,320
type-1,ADAPTATION,3,chari,235,239,0.77,2.22,7.287,0,0.35,0.873,0.019,0,326
type-1,ADAPTATION,3,chari,240,244,0.77,2.26,7.443,0,0.35,0.889,0.019,0,332
type-1,ADAPTATION,3,chari,245,249,0.77,2.3,7.598,0,0.35,0.905,0.019,0,338
type-1,ADAPTATION,3,chari,250,254,0.78,2.339,7.752,0,0.35,0.921,0.02,0,344
type-1,ADAPTATION,3,chari,255,259,0.78,2.378,7.905,0,0.35,0.936,0.02,0,349
type-1,ADAPTATION,3,chari,260,264,0.78,2.416,8.056,0,0.35,0.952,0.02,0,355
type-1,ADAPTATION,3,chari,265,269,0.79,2.455,8.207,0,0.35,0.967,0.021,0,361
type-1,ADAPTATION,3,chari,270,274,0.79,2.493,8.356,0,0.35,0.982,0.021,0,366
type-1,ADAPTATION,3,chari,275,279,0.79,2.531,8.505,0,0.35,0.998,0.021,0,372
type-1,ADAPTATION,3,chari,280,284,0.79,2.568,8.652,0,0.35,1.013,0.022,0,378
type-1,ADAPTATION,3,chari,285,289,0.8,2.606,8.798,0,0.35,1.027,0.022,0,383
type-1,ADAPTATION,3,chari,290,294,0.8,2.643,8.944,0,0.35,1.042,0.022,0,389
type-1,ADAPTATION,3,chari,295,299,0.8,2.679,9.088,0,0.35,1.057,0.023,0,394
type-1,ADAPTATION,3,chari,300,304,0.8,2.716,9.231,0,0.35,1.072,0.023,0,400
type-1,ADAPTATION,4,chari,120,124,0.72,1.541,3.755,0,0.35,0.321,0.005,0,189
type-1,ADAPTATION,4,chari,125,129,0.73,1.599,3.95,0,0.35,0.334,0.005,0,197
type-1,ADAPTATION,4,chari,130,134,0.74,1.657,4.144,0,0.35,0.347,0.005,0,204
type-1,ADAPTATION,4,chari,135,139,0.75,1.714,4.337,0,0.35,0.359,0.006,0,211
type-1,ADAPTATION,4,chari,140,144,0.76,1.771,4.528,0,0.35,0.372,0.006,0,218
type-1,ADAPTATION,4,chari,145,149,0.77,1.828,4.719,0,0.35,0.384,0.006,0,225
type-1,ADAPTATION,4,chari,150,154,0.78,1.884,4.908,0,0.35,0.396,0.006,0,232
type-1,ADAPTATION,4,chari,155,159,0.79,1.94,5.095,0,0.35,0.409,0.007,0,239
type-1,ADAPTATION,4,chari,160,164,0.8,1.996,5.282,0,0.35,0.421,0.007,0,246
type-1,ADAPTATION,4,chari,165,169,0.81,2.051,5.468,0,0.35,0.433,0.007,0,253
type-1,ADAPTATION,4,chari,170,174,0.82,2.106,5.652,0,0.35,0.445,0.007,0,260
type-1,ADAPTATION,4,chari,175,179,0.82,2.161,5.835,0,0.35,0.457,0.007,0,267
type-1,ADAPTATION,4,chari,180,184,0.83,2.215,6.017,0,0.35,0.469,0.008,0,273
type-1,ADAPTATION,4,chari,185,189,0.84,2.269,6.197,0,0.35,0.481,0.008,0,280
type-1,ADAPTATION,4,chari,190,194,0.84,2.322,6.377,0,0.35,0.493,0.008,0,287
type-1,ADAPTATION,4,chari,195,199,0.85,2.375,6.555,0,0.35,0.504,0.008,0,293
type-1,ADAPTATION,4,chari,200,204,0.86,2.428,6.732,0,0.35,0.516,0.009,0,300
type-1,ADAPTATION,4,chari,205,209,0.86,2.481,6.908,0,0.35,0.528,0.009,0,307
type-1,ADAPTATION,4,chari,210,214,0.87,2.533,7.083,0,0.35,0.539,0.009,0,313
type-1,ADAPTATION,4,chari,215,219,0.87,2.585,7.257,0,0.35,0.55,0.009,0,320
type-1,ADAPTATION,4,chari,220,224,0.88,2.636,7.429,0,0.35,0.562,0.01,0,326
type-1,ADAPTATION,4,chari,225,229,0.88,2.687,7.6,0,0.35,0.573,0.01,0,332
type-1,ADAPTATION,4,chari,230,234,0.89,2.738,7.77,0,0.35,0.584,0.01,0,339
type-1,ADAPTATION,4,chari,235,239,0.89,2.788,7.939,0,0.35,0.595,0.01,0,345
type-1,ADAPTATION,4,chari,240,244,0.89,2.838,8.107,0,0.35,0.606,0.01,0,351
type-1,ADAPTATION,4,chari,245,249,0.9,2.888,8.274,0,0.35,0.617,0.011,0,357
type-1,ADAPTATION,4,chari,250,254,0.9,2.937,8.439,0,0.35,0.628,0.011,0,364
type-1,ADAPTATION,4,chari,255,259,0.91,2.986,8.603,0,0.35,0.639,0.011,0,370
type-1,ADAPTATION,4,chari,260,264,0.91,3.034,8.766,0,0.35,0.649,0.011,0,376
type-1,ADAPTATION,4,chari,265,269,0.91,3.083,8.928,0,0.35,0.66,0.012,0,382
type-1,ADAPTATION,4,chari,270,274,0.91,3.131,9.089,0,0.35,0.67,0.012,0,388
type-1,ADAPTATION,4,chari,275,279,0.92,3.178,9.248,0,0.35,0.681,0.012,0,394
type-1,ADAPTATION,4,chari,280,284,0.92,3.225,9.407,0,0.35,0.691,0.012,0,400
type-1,ADAPTATION,4,chari,285,289,0.92,3.272,9.564,0,0.35,0.701,0.012,0,405
type-1,ADAPTATION,4,chari,290,294,0.92,3.319,9.72,0,0.35,0.712,0.013,0,411
type-1,ADAPTATION,4,chari,295,299,0.93,3.365,9.875,0,0.35,0.722,0.013,0,417
type-1,ADAPTATION,4,chari,300,304,0.93,3.41,10.029,0,0.35,0.732,0.013,0,423
type-1,ADAPTATION,5,chari,120,124,0.83,1.886,4.1,0,0.35,0.143,0.0,0,199
type-1,ADAPTATION,5,chari,125,129,0.85,1.957,4.31,0,0.35,0.149,0.0,0,207
type-1,ADAPTATION,5,chari,130,134,0.86,2.028,4.518,0,0.35,0.154,0.0,0,215
type-1,ADAPTATION,5,chari,135,139,0.87,2.098,4.726,0,0.35,0.16,0.0,0,222
type-1,ADAPTATION,5,chari,140,144,0.88,2.168,4.931,0,0.35,0.165,0.0,0,230
type-1,ADAPTATION,5,chari,145,149,0.89,2.237,5.136,0,0.35,0.171,0.0,0,237
type-1,ADAPTATION,5,chari,150,154,0.9,2.306,5.34,0,0.35,0.176,0.0,0,244
type-1,ADAPTATION,5,chari,155,159,0.91,2.375,5.542,0,0.35,0.182,0.0,0,252
type-1,ADAPTATION,5,chari,160,164,0.92,2.443,5.743,0,0.35,0.187,0.0,0,259
type-1,ADAPTATION,5,chari,165,169,0.93,2.51,5.942,0,0.35,0.193,0.0,0,266
type-1,ADAPTATION,5,chari,170,174,0.94,2.578,6.14,0,0.35,0.198,0.0,0,273
type-1,ADAPTATION,5,chari,175,179,0.94,2.645,6.337,0,0.35,0.203,0.0,0,281
type-1,ADAPTATION,5,chari,180,184,0.95,2.711,6.533,0,0.35,0.209,0.0,0,288
type-1,ADAPTATION,5,chari,185,189,0.96,2.777,6.727,0,0.35,0.214,0.0,0,295
type-1,ADAPTATION,5,chari,190,194,0.97,2.842,6.92,0,0.35,0.219,0.0,0,302
type-1,ADAPTATION,5,chari,195,199,0.97,2.908,7.11,0,0.35,0.225,0.0,0,309
type-1,ADAPTATION,5,chari,200,204,0.98,2.972,7.3,0,0.35,0.23,0.0,0,316
type-1,ADAPTATION,5,chari,205,209,0.98,3.037,7.488,0,0.35,0.235,0.0,0,323
type-1,ADAPTATION,5,chari,210,214,0.99,3.1,7.675,0,0.35,0.241,0.0,0,329
type-1,ADAPTATION,5,chari,215,219,1.0,3.164,7.861,0,0.35,0.246,0.0,0,336
type-1,ADAPTATION,5,chari,220,224,1.0,3.227,8.045,0,0.35,0.251,0.0,0,343
type-1,ADAPTATION,5,chari,225,229,1.01,3.289,8.228,0,0.35,0.256,0.0,0,350
type-1,ADAPTATION,5,chari,230,234,1.01,3.351,8.41,0,0.35,0.262,0.0,0,356
type-1,ADAPTATION,5,chari,235,239,1.01,3.413,8.591,0,0.35,0.267,0.0,0,363
type-1,ADAPTATION,5,chari,240,244,1.02,3.474,8.77,0,0.35,0.272,0.0,0,369
type-1,ADAPTATION,5,chari,245,249,1.02,3.535,8.949,0,0.35,0.277,0.001,0,376
type-1,ADAPTATION,5,chari,250,254,1.03,3.595,9.126,0,0.35,0.282,0.001,0,382
type-1,ADAPTATION,5,chari,255,259,1.03,3.655,9.301,0,0.35,0.287,0.001,0,389
type-1,ADAPTATION,5,chari,260,264,1.03,3.715,9.476,0,0.35,0.292,0.001,0,395
type-1,ADAPTATION,5,chari,265,269,1.04,3.774,9.649,0,0.35,0.297,0.001,0,402
type-1,ADAPTATION,5,chari,270,274,1.04,3.832,9.821,0,0.35,0.302,0.001,0,408
type-1,ADAPTATION,5,chari,275,279,1.04,3.891,9.991,0,0.35,0.306,0.001,0,414
type-1,ADAPTATION,5,chari,280,284,1.05,3.948,10.161,0,0.35,0.311,0.001,0,420
type-1,ADAPTATION,5,chari,285,289,1.05,4.006,10.329,0,0.35,0.316,0.001,0,426
type-1,ADAPTATION,5,chari,290,294,1.05,4.063,10.496,0,0.35,0.321,0.001,0,433
type-1,ADAPTATION,5,chari,295,299,1.05,4.119,10.662,0,0.35,0.325,0.001,0,439
type-1,ADAPTATION,5,chari,300,304,1.06,4.175,10.826,0,0.35,0.33,0.001,0,445
type-1,ADAPTATION,6,chari,120,124,0.95,2.204,4.38,0,0.35,0.0,0.0,0,211
type-1,ADAPTATION,6,chari,125,129,0.96,2.287,4.599,0,0.35,0.0,0.0,0,219
type-1,ADAPTATION,6,chari,130,134,0.97,2.371,4.817,0,0.35,0.0,0.0,0,227
type-1,ADAPTATION,6,chari,135,139,0.98,2.453,5.033,0,0.35,0.0,0.0,0,235
type-1,ADAPTATION,6,chari,140,144,1.0,2.536,5.248,0,0.35,0.0,0.0,0,243
type-1,ADAPTATION,6,chari,145,149,1.01,2.617,5.462,0,0.35,0.0,0.0,0,250
type-1,ADAPTATION,6,chari,150,154,1.02,2.699,5.674,0,0.35,0.0,0.0,0,258
type-1,ADAPTATION,6,chari,155,159,1.03,2.779,5.885,0,0.35,0.0,0.0,0,266
type-1,ADAPTATION,6,chari,160,164,1.04,2.859,6.095,0,0.35,0.0,0.0,0,274
type-1,ADAPTATION,6,chari,165,169,1.05,2.939,6.304,0,0.35,0.0,0.0,0,281
type-1,ADAPTATION,6,chari,170,174,1.05,3.018,6.511,0,0.35,0.0,0.0,0,289
type-1,ADAPTATION,6,chari,175,179,1.06,3.097,6.717,0,0.35,0.0,0.0,0,296
type-1,ADAPTATION,6,chari,180,184,1.07,3.175,6.921,0,0.35,0.0,0.0,0,304
type-1,ADAPTATION,6,chari,185,189,1.08,3.253,7.124,0,0.35,0.0,0.0,0,311
type-1,ADAPTATION,6,chari,190,194,1.08,3.33,7.326,0,0.35,0.0,0.0,0,319
type-1,ADAPTATION,6,chari,195,199,1.09,3.407,7.526,0,0.35,0.0,0.0,0,326
type-1,ADAPTATION,6,chari,200,204,1.1,3.483,7.725,0,0.35,0.0,0.0,0,333
type-1,ADAPTATION,6,chari,205,209,1.1,3.559,7.923,0,0.35,0.0,0.0,0,341
type-1,ADAPTATION,6,chari,210,214,1.11,3.634,8.12,0,0.35,0.0,0.0,0,348
type-1,ADAPTATION,6,chari,215,219,1.12,3.709,8.315,0,0.35,0.0,0.0,0,355
type-1,ADAPTATION,6,chari,220,224,1.12,3.783,8.509,0,0.35,0.0,0.0,0,362
type-1,ADAPTATION,6,chari,225,229,1.13,3.856,8.701,0,0.35,0.0,0.0,0,369
type-1,ADAPTATION,6,chari,230,234,1.13,3.929,8.892,0,0.35,0.0,0.0,0,376
type-1,ADAPTATION,6,chari,235,239,1.14,4.002,9.082,0,0.35,0.0,0.0,0,383
type-1,ADAPTATION,6,chari,240,244,1.14,4.074,9.271,0,0.35,0.0,0.0,0,390
type-1,ADAPTATION,6,chari,245,249,1.14,4.146,9.458,0,0.35,0.0,0.0,0,397
type-1,ADAPTATION,6,chari,250,254,1.15,4.217,9.644,0,0.35,0.0,0.0,0,404
type-1,ADAPTATION,6,chari,255,259,1.15,4.287,9.829,0,0.35,0.0,0.0,0,411
type-1,ADAPTATION,6,chari,260,264,1.16,4.357,10.012,0,0.35,0.0,0.0,0,417
type-1,ADAPTATION,6,chari,265,269,1.16,4.427,10.194,0,0.35,0.0,0.0,0,424
type-1,ADAPTATION,6,chari,270,274,1.16,4.496,10.374,0,0.35,0.0,0.0,0,431
type-1,ADAPTATION,6,chari,275,279,1.17,4.565,10.554,0,0.35,0.0,0.0,0,437
type-1,ADAPTATION,6,chari,280,284,1.17,4.633,10.732,0,0.35,0.0,0.0,0,444
type-1,ADAPTATION,6,chari,285,289,1.17,4.7,10.908,0,0.35,0.0,0.0,0,450
type-1,ADAPTATION,6,chari,290,294,1.17,4.767,11.084,0,0.35,0.0,0.0,0,457
type-1,ADAPTATION,6,chari,295,299,1.18,4.834,11.258,0,0.35,0.0,0.0,0,463
type-1,ADAPTATION,6,chari,300,304,1.18,4.9,11.43,0,0.35,0.0,0.0,0,469
type-1,ADAPTATION,7,chari,120,124,1.03,2.264,4.648,0,0.35,0.06,0.0,0,223
type-1,ADAPTATION,7,chari,125,129,1.05,2.357,4.877,0,0.35,0.056,0.0,0,232
type-1,ADAPTATION,7,chari,130,134,1.06,2.449,5.106,0,0.35,0.052,0.0,0,240
type-1,ADAPTATION,7,chari,135,139,1.07,2.541,5.332,0,0.35,0.048,0.0,0,248
type-1,ADAPTATION,7,chari,140,144,1.08,2.632,5.558,0,0.35,0.044,0.0,0,257
type-1,ADAPTATION,7,chari,145,149,1.1,2.723,5.781,0,0.35,0.04,0.0,0,265
type-1,ADAPTATION,7,chari,150,154,1.11,2.813,6.004,0,0.35,0.036,0.0,0,273
type-1,ADAPTATION,7,chari,155,159,1.12,2.901,6.228,0,0.35,0.032,0.0,0,281
type-1,ADAPTATION,7,chari,160,164,1.13,2.989,6.452,0,0.35,0.029,0.0,0,289
type-1,ADAPTATION,7,chari,165,169,1.14,3.075,6.674,0,0.35,0.026,0.0,0,297
type-1,ADAPTATION,7,chari,170,174,1.14,3.161,6.895,0,0.35,0.023,0.0,0,305
type-1,ADAPTATION,7,chari,175,179,1.15,3.247,7.115,0,0.35,0.02,0.0,0,313
type-1,ADAPTATION,7,chari,180,184,1.16,3.331,7.333,0,0.35,0.017,0.0,0,321
type-1,ADAPTATION,7,chari,185,189,1.17,3.416,7.55,0,0.35,0.014,0.0,0,328
type-1,ADAPTATION,7,chari,190,194,1.18,3.5,7.765,0,0.35,0.011,0.0,0,336
type-1,ADAPTATION,7,chari,195,199,1.18,3.583,7.979,0,0.35,0.008,0.0,0,344
type-1,ADAPTATION,7,chari,200,204,1.19,3.666,8.191,0,0.35,0.005,0.0,0,351
type-1,ADAPTATION,7,chari,205,209,1.2,3.748,8.402,0,0.35,0.002,0.0,0,359
type-1,ADAPTATION,7,chari,210,214,1.2,3.828,8.611,0,0.35,0.0,0.0,0,366
type-1,ADAPTATION,7,chari,215,219,1.21,3.907,8.816,0,0.35,0.0,0.0,0,374
type-1,ADAPTATION,7,chari,220,224,1.21,3.985,9.02,0,0.35,0.0,0.0,0,382
type-1,ADAPTATION,7,chari,225,229,1.22,4.063,9.222,0,0.35,0.0,0.0,0,389
type-1,ADAPTATION,7,chari,230,234,1.23,4.14,9.423,0,0.35,0.0,0.0,0,396
type-1,ADAPTATION,7,chari,235,239,1.23,4.216,9.623,0,0.35,0.0,0.0,0,404
type-1,ADAPTATION,7,chari,240,244,1.23,4.292,9.821,0,0.35,0.0,0.0,0,411
type-1,ADAPTATION,7,chari,245,249,1.24,4.367,10.018,0,0.35,0.0,0.0,0,418
type-1,ADAPTATION,7,chari,250,254,1.24,4.442,10.213,0,0.35,0.0,0.0,0,425
type-1,ADAPTATION,7,chari,255,259,1.25,4.517,10.408,0,0.35,0.0,0.0,0,433
type-1,ADAPTATION,7,chari,260,264,1.25,4.59,10.6,0,0.35,0.0,0.0,0,440
type-1,ADAPTATION,7,chari,265,269,1.25,4.664,10.792,0,0.35,0.0,0.0,0,447
type-1,ADAPTATION,7,chari,270,274,1.26,4.736,10.982,0,0.35,0.0,0.0,0,454
type-1,ADAPTATION,7,chari,275,279,1.26,4.809,11.17,0,0.35,0.0,0.0,0,461
type-1,ADAPTATION,7,chari,280,284,1.26,4.88,11.357,0,0.35,0.0,0.0,0,467
type-1,ADAPTATION,7,chari,285,289,1.27,4.951,11.543,0,0.35,0.0,0.0,0,474
type-1,ADAPTATION,7,chari,290,294,1.27,5.022,11.727,0,0.35,0.0,0.0,0,481
type-1,ADAPTATION,7,chari,295,299,1.27,5.092,11.91,0,0.35,0.0,0.0,0,488
type-1,ADAPTATION,7,chari,300,304,1.27,5.162,12.092,0,0.35,0.0,0.0,0,494
high,STEADY,,silage,120,124,1.14,2.486,0,4.08,0.35,0.008,0.0,0,259
high,STEADY,,silage,125,129,1.16,2.576,0,4.304,0.35,0.007,0.0,0,269
high,STEADY,,silage,130,134,1.17,2.665,0,4.526,0.35,0.006,0.0,0,279
high,STEADY,,silage,135,139,1.18,2.754,0,4.748,0.35,0.005,0.0,0,289
high,STEADY,,silage,140,144,1.2,2.842,0,4.968,0.35,0.004,0.0,0,299
high,STEADY,,silage,145,149,1.21,2.93,0,5.177,0.35,0.004,0.0,0,308
high,STEADY,,silage,150,154,1.22,3.018,0,5.377,0.35,0.007,0.0,0,318
high,STEADY,,silage,155,159,1.23,3.105,0,5.575,0.35,0.01,0.0,0,328
high,STEADY,,silage,160,164,1.24,3.192,0,5.773,0.35,0.012,0.0,0,338
high,STEADY,,silage,165,169,1.25,3.279,0,5.969,0.35,0.015,0.0,0,348
high,STEADY,,silage,170,174,1.26,3.365,0,6.161,0.35,0.018,0.0,0,357
high,STEADY,,silage,175,179,1.27,3.45,0,6.352,0.35,0.021,0.0,0,367
high,STEADY,,silage,180,184,1.28,3.535,0,6.542,0.35,0.024,0.0,0,376
high,STEADY,,silage,185,189,1.29,3.62,0,6.731,0.35,0.027,0.001,0,386
high,STEADY,,silage,190,194,1.3,3.704,0,6.919,0.35,0.03,0.001,0,395
high,STEADY,,silage,195,199,1.3,3.787,0,7.105,0.35,0.033,0.001,0,405
high,STEADY,,silage,200,204,1.31,3.87,0,7.29,0.35,0.036,0.001,0,414
high,STEADY,,silage,205,209,1.32,3.953,0,7.475,0.35,0.038,0.001,0,423
high,STEADY,,silage,210,214,1.33,4.035,0,7.658,0.35,0.041,0.001,0,433
high,STEADY,,silage,215,219,1.33,4.116,0,7.84,0.35,0.044,0.001,0,442
high,STEADY,,silage,220,224,1.34,4.197,0,8.02,0.35,0.047,0.002,0,451
high,STEADY,,silage,225,229,1.34,4.277,0,8.2,0.35,0.05,0.002,0,460
high,STEADY,,silage,230,234,1.35,4.357,0,8.378,0.35,0.053,0.002,0,469
high,STEADY,,silage,235,239,1.36,4.437,0,8.556,0.35,0.055,0.002,0,478
high,STEADY,,silage,240,244,1.36,4.516,0,8.732,0.35,0.058,0.002,0,487
high,STEADY,,silage,245,249,1.37,4.594,0,8.907,0.35,0.061,0.002,0,495
high,STEADY,,silage,250,254,1.37,4.672,0,9.081,0.35,0.064,0.002,0,504
high,STEADY,,silage,255,259,1.38,4.749,0,9.254,0.35,0.066,0.002,0,513
high,STEADY,,silage,260,264,1.38,4.826,0,9.425,0.35,0.069,0.003,0,521
high,STEADY,,silage,265,269,1.38,4.902,0,9.596,0.35,0.072,0.003,0,530
high,STEADY,,silage,270,274,1.39,4.978,0,9.765,0.35,0.074,0.003,0,539
high,STEADY,,silage,275,279,1.39,5.053,0,9.933,0.35,0.077,0.003,0,547
high,STEADY,,silage,280,284,1.4,5.128,0,10.1,0.35,0.08,0.003,0,555
high,STEADY,,silage,285,289,1.4,5.202,0,10.266,0.35,0.082,0.003,0,564
high,STEADY,,silage,290,294,1.4,5.276,0,10.431,0.35,0.085,0.003,0,572
high,STEADY,,silage,295,299,1.4,5.349,0,10.595,0.35,0.087,0.004,0,580
high,STEADY,,silage,300,304,1.41,5.422,0,10.757,0.35,0.09,0.004,0,588
high,STEADY,,chari,120,124,1.14,2.433,5.05,0,0.35,0.052,0.0,0,238
high,STEADY,,chari,125,129,1.16,2.533,5.296,0,0.35,0.047,0.0,0,247
high,STEADY,,chari,130,134,1.17,2.632,5.541,0,0.35,0.043,0.0,0,256
high,STEADY,,chari,135,139,1.19,2.731,5.784,0,0.35,0.038,0.0,0,265
high,STEADY,,chari,140,144,1.2,2.829,6.026,0,0.35,0.034,0.0,0,274
high,STEADY,,chari,145,149,1.21,2.925,6.27,0,0.35,0.03,0.0,0,283
high,STEADY,,chari,150,154,1.22,3.02,6.513,0,0.35,0.027,0.0,0,292
high,STEADY,,chari,155,159,1.23,3.114,6.755,0,0.35,0.023,0.0,0,300
high,STEADY,,chari,160,164,1.24,3.208,6.996,0,0.35,0.02,0.0,0,309
high,STEADY,,chari,165,169,1.25,3.301,7.235,0,0.35,0.016,0.0,0,318
high,STEADY,,chari,170,174,1.26,3.394,7.473,0,0.35,0.013,0.0,0,326
high,STEADY,,chari,175,179,1.27,3.486,7.709,0,0.35,0.009,0.0,0,334
high,STEADY,,chari,180,184,1.28,3.578,7.944,0,0.35,0.006,0.0,0,343
high,STEADY,,chari,185,189,1.29,3.669,8.177,0,0.35,0.003,0.0,0,351
high,STEADY,,chari,190,194,1.3,3.759,8.409,0,0.35,0.0,0.0,0,360
high,STEADY,,chari,195,199,1.31,3.846,8.636,0,0.35,0.0,0.0,0,368
high,STEADY,,chari,200,204,1.32,3.933,8.861,0,0.35,0.0,0.0,0,376
high,STEADY,,chari,205,209,1.32,4.019,9.086,0,0.35,0.0,0.0,0,385
high,STEADY,,chari,210,214,1.33,4.105,9.309,0,0.35,0.0,0.0,0,393
high,STEADY,,chari,215,219,1.34,4.19,9.531,0,0.35,0.0,0.0,0,401
high,STEADY,,chari,220,224,1.34,4.275,9.751,0,0.35,0.0,0.0,0,409
high,STEADY,,chari,225,229,1.35,4.359,9.97,0,0.35,0.0,0.0,0,417
high,STEADY,,chari,230,234,1.35,4.442,10.187,0,0.35,0.0,0.0,0,425
high,STEADY,,chari,235,239,1.36,4.525,10.403,0,0.35,0.0,0.0,0,433
high,STEADY,,chari,240,244,1.36,4.608,10.618,0,0.35,0.0,0.0,0,441
high,STEADY,,chari,245,249,1.37,4.69,10.831,0,0.35,0.0,0.0,0,449
high,STEADY,,chari,250,254,1.37,4.771,11.043,0,0.35,0.0,0.0,0,457
high,STEADY,,chari,255,259,1.38,4.852,11.253,0,0.35,0.0,0.0,0,464
high,STEADY,,chari,260,264,1.38,4.932,11.463,0,0.35,0.0,0.0,0,472
high,STEADY,,chari,265,269,1.39,5.012,11.67,0,0.35,0.0,0.0,0,480
high,STEADY,,chari,270,274,1.39,5.091,11.877,0,0.35,0.0,0.0,0,487
high,STEADY,,chari,275,279,1.4,5.17,12.082,0,0.35,0.0,0.0,0,495
high,STEADY,,chari,280,284,1.4,5.248,12.285,0,0.35,0.0,0.0,0,502
high,STEADY,,chari,285,289,1.4,5.326,12.487,0,0.35,0.0,0.0,0,510
high,STEADY,,chari,290,294,1.41,5.403,12.688,0,0.35,0.0,0.0,0,517
high,STEADY,,chari,295,299,1.41,5.479,12.887,0,0.35,0.0,0.0,0,525
high,STEADY,,chari,300,304,1.41,5.555,13.086,0,0.35,0.0,0.0,0,532
high,ADAPTATION,1,chari,120,124,0.45,0.743,2.936,0,0.35,0.748,0.017,0,167
high,ADAPTATION,1,chari,125,129,0.46,0.771,3.101,0,0.35,0.777,0.018,0,174
high,ADAPTATION,1,chari,130,134,0.47,0.799,3.265,0,0.35,0.806,0.019,0,180
high,ADAPTATION,1,chari,135,139,0.48,0.826,3.428,0,0.35,0.834,0.02,0,187
high,ADAPTATION,1,chari,140,144,0.49,0.854,3.59,0,0.35,0.863,0.02,0,193
high,ADAPTATION,1,chari,145,149,0.5,0.881,3.751,0,0.35,0.891,0.021,0,199
high,ADAPTATION,1,chari,150,154,0.51,0.909,3.911,0,0.35,0.919,0.022,0,205
high,ADAPTATION,1,chari,155,159,0.52,0.936,4.07,0,0.35,0.948,0.023,0,212
high,ADAPTATION,1,chari,160,164,0.52,0.962,4.229,0,0.35,0.975,0.023,0,218
high,ADAPTATION,1,chari,165,169,0.53,0.989,4.386,0,0.35,1.003,0.024,0,224
high,ADAPTATION,1,chari,170,174,0.54,1.016,4.542,0,0.35,1.031,0.025,0,230
high,ADAPTATION,1,chari,175,179,0.54,1.042,4.698,0,0.35,1.058,0.025,0,236
high,ADAPTATION,1,chari,180,184,0.55,1.068,4.852,0,0.35,1.085,0.026,0,242
high,ADAPTATION,1,chari,185,189,0.56,1.094,5.006,0,0.35,1.112,0.027,0,248
high,ADAPTATION,1,chari,190,194,0.56,1.12,5.159,0,0.35,1.139,0.027,0,254
high,ADAPTATION,1,chari,195,199,0.57,1.146,5.31,0,0.35,1.166,0.028,0,260
high,ADAPTATION,1,chari,200,204,0.57,1.172,5.461,0,0.35,1.193,0.029,0,266
high,ADAPTATION,1,chari,205,209,0.58,1.197,5.611,0,0.35,1.219,0.029,0,272
high,ADAPTATION,1,chari,210,214,0.58,1.222,5.76,0,0.35,1.245,0.03,0,278
high,ADAPTATION,1,chari,215,219,0.59,1.248,5.908,0,0.35,1.272,0.031,0,284
high,ADAPTATION,1,chari,220,224,0.59,1.273,6.055,0,0.35,1.297,0.031,0,289
high,ADAPTATION,1,chari,225,229,0.6,1.297,6.201,0,0.35,1.323,0.032,0,295
high,ADAPTATION,1,chari,230,234,0.6,1.322,6.346,0,0.35,1.349,0.033,0,301
high,ADAPTATION,1,chari,235,239,0.61,1.347,6.49,0,0.35,1.374,0.033,0,306
high,ADAPTATION,1,chari,240,244,0.61,1.371,6.634,0,0.35,1.4,0.034,0,312
high,ADAPTATION,1,chari,245,249,0.61,1.395,6.776,0,0.35,1.425,0.035,0,317
high,ADAPTATION,1,chari,250,254,0.62,1.419,6.918,0,0.35,1.45,0.035,0,323
high,ADAPTATION,1,chari,255,259,0.62,1.443,7.058,0,0.35,1.474,0.036,0,329
high,ADAPTATION,1,chari,260,264,0.62,1.467,7.198,0,0.35,1.499,0.037,0,334
high,ADAPTATION,1,chari,265,269,0.63,1.49,7.336,0,0.35,1.523,0.037,0,339
high,ADAPTATION,1,chari,270,274,0.63,1.514,7.474,0,0.35,1.548,0.038,0,345
high,ADAPTATION,1,chari,275,279,0.63,1.537,7.611,0,0.35,1.572,0.038,0,350
high,ADAPTATION,1,chari,280,284,0.63,1.56,7.747,0,0.35,1.596,0.039,0,355
high,ADAPTATION,1,chari,285,289,0.64,1.583,7.882,0,0.35,1.62,0.04,0,361
high,ADAPTATION,1,chari,290,294,0.64,1.606,8.016,0,0.35,1.643,0.04,0,366
high,ADAPTATION,1,chari,295,299,0.64,1.628,8.149,0,0.35,1.667,0.041,0,371
high,ADAPTATION,1,chari,300,304,0.64,1.651,8.282,0,0.35,1.69,0.041,0,376
high,ADAPTATION,2,chari,120,124,0.57,1.01,3.322,0,0.35,0.644,0.014,0,180
high,ADAPTATION,2,chari,125,129,0.58,1.048,3.501,0,0.35,0.669,0.015,0,186
high,ADAPTATION,2,chari,130,134,0.6,1.086,3.68,0,0.35,0.694,0.015,0,193
high,ADAPTATION,2,chari,135,139,0.61,1.124,3.857,0,0.35,0.719,0.016,0,200
high,ADAPTATION,2,chari,140,144,0.62,1.161,4.034,0,0.35,0.743,0.017,0,207
high,ADAPTATION,2,chari,145,149,0.63,1.198,4.209,0,0.35,0.768,0.017,0,214
high,ADAPTATION,2,chari,150,154,0.63,1.236,4.384,0,0.35,0.792,0.018,0,220
high,ADAPTATION,2,chari,155,159,0.64,1.272,4.557,0,0.35,0.817,0.018,0,227
high,ADAPTATION,2,chari,160,164,0.65,1.309,4.729,0,0.35,0.841,0.019,0,234
high,ADAPTATION,2,chari,165,169,0.66,1.345,4.901,0,0.35,0.865,0.02,0,240
high,ADAPTATION,2,chari,170,174,0.67,1.382,5.071,0,0.35,0.888,0.02,0,247
high,ADAPTATION,2,chari,175,179,0.67,1.418,5.24,0,0.35,0.912,0.021,0,253
high,ADAPTATION,2,chari,180,184,0.68,1.453,5.408,0,0.35,0.936,0.021,0,260
high,ADAPTATION,2,chari,185,189,0.69,1.489,5.575,0,0.35,0.959,0.022,0,266
high,ADAPTATION,2,chari,190,194,0.69,1.524,5.742,0,0.35,0.982,0.023,0,273
high,ADAPTATION,2,chari,195,199,0.7,1.559,5.907,0,0.35,1.006,0.023,0,279
high,ADAPTATION,2,chari,200,204,0.71,1.594,6.071,0,0.35,1.029,0.024,0,286
high,ADAPTATION,2,chari,205,209,0.71,1.629,6.234,0,0.35,1.051,0.024,0,292
high,ADAPTATION,2,chari,210,214,0.72,1.663,6.396,0,0.35,1.074,0.025,0,298
high,ADAPTATION,2,chari,215,219,0.72,1.698,6.557,0,0.35,1.097,0.025,0,304
high,ADAPTATION,2,chari,220,224,0.73,1.732,6.717,0,0.35,1.119,0.026,0,310
high,ADAPTATION,2,chari,225,229,0.73,1.766,6.876,0,0.35,1.141,0.026,0,317
high,ADAPTATION,2,chari,230,234,0.74,1.799,7.034,0,0.35,1.164,0.027,0,323
high,ADAPTATION,2,chari,235,239,0.74,1.833,7.191,0,0.35,1.186,0.028,0,329
high,ADAPTATION,2,chari,240,244,0.74,1.866,7.347,0,0.35,1.207,0.028,0,335
high,ADAPTATION,2,chari,245,249,0.75,1.899,7.502,0,0.35,1.229,0.029,0,341
high,ADAPTATION,2,chari,250,254,0.75,1.932,7.656,0,0.35,1.251,0.029,0,347
high,ADAPTATION,2,chari,255,259,0.75,1.964,7.809,0,0.35,1.272,0.03,0,353
high,ADAPTATION,2,chari,260,264,0.76,1.996,7.961,0,0.35,1.293,0.03,0,358
high,ADAPTATION,2,chari,265,269,0.76,2.029,8.112,0,0.35,1.314,0.031,0,364
high,ADAPTATION,2,chari,270,274,0.76,2.06,8.262,0,0.35,1.335,0.031,0,370
high,ADAPTATION,2,chari,275,279,0.77,2.092,8.411,0,0.35,1.356,0.032,0,376
high,ADAPTATION,2,chari,280,284,0.77,2.124,8.559,0,0.35,1.377,0.032,0,381
high,ADAPTATION,2,chari,285,289,0.77,2.155,8.706,0,0.35,1.398,0.033,0,387
high,ADAPTATION,2,chari,290,294,0.77,2.186,8.852,0,0.35,1.418,0.033,0,393
high,ADAPTATION,2,chari,295,299,0.78,2.217,8.997,0,0.35,1.438,0.034,0,398
high,ADAPTATION,2,chari,300,304,0.78,2.247,9.141,0,0.35,1.458,0.034,0,404
high,ADAPTATION,3,chari,120,124,0.7,1.31,3.707,0,0.35,0.51,0.01,0,191
high,ADAPTATION,3,chari,125,129,0.71,1.36,3.901,0,0.35,0.53,0.011,0,199
high,ADAPTATION,3,chari,130,134,0.72,1.409,4.094,0,0.35,0.55,0.011,0,206
high,ADAPTATION,3,chari,135,139,0.73,1.458,4.286,0,0.35,0.57,0.012,0,213
high,ADAPTATION,3,chari,140,144,0.74,1.507,4.477,0,0.35,0.59,0.012,0,220
high,ADAPTATION,3,chari,145,149,0.75,1.556,4.666,0,0.35,0.609,0.012,0,228
high,ADAPTATION,3,chari,150,154,0.76,1.604,4.855,0,0.35,0.629,0.013,0,235
high,ADAPTATION,3,chari,155,159,0.77,1.652,5.042,0,0.35,0.648,0.013,0,242
high,ADAPTATION,3,chari,160,164,0.78,1.699,5.229,0,0.35,0.667,0.014,0,249
high,ADAPTATION,3,chari,165,169,0.79,1.747,5.414,0,0.35,0.686,0.014,0,256
high,ADAPTATION,3,chari,170,174,0.79,1.794,5.598,0,0.35,0.705,0.015,0,263
high,ADAPTATION,3,chari,175,179,0.8,1.84,5.781,0,0.35,0.724,0.015,0,270
high,ADAPTATION,3,chari,180,184,0.81,1.887,5.963,0,0.35,0.743,0.016,0,277
high,ADAPTATION,3,chari,185,189,0.82,1.933,6.144,0,0.35,0.762,0.016,0,284
high,ADAPTATION,3,chari,190,194,0.82,1.979,6.323,0,0.35,0.78,0.016,0,291
high,ADAPTATION,3,chari,195,199,0.83,2.025,6.502,0,0.35,0.799,0.017,0,297
high,ADAPTATION,3,chari,200,204,0.84,2.07,6.679,0,0.35,0.817,0.017,0,304
high,ADAPTATION,3,chari,205,209,0.84,2.115,6.856,0,0.35,0.835,0.018,0,311
high,ADAPTATION,3,chari,210,214,0.85,2.16,7.031,0,0.35,0.853,0.018,0,317
high,ADAPTATION,3,chari,215,219,0.85,2.205,7.205,0,0.35,0.871,0.019,0,324
high,ADAPTATION,3,chari,220,224,0.86,2.249,7.378,0,0.35,0.889,0.019,0,331
high,ADAPTATION,3,chari,225,229,0.86,2.293,7.55,0,0.35,0.907,0.019,0,337
high,ADAPTATION,3,chari,230,234,0.87,2.337,7.721,0,0.35,0.925,0.02,0,344
high,ADAPTATION,3,chari,235,239,0.87,2.38,7.891,0,0.35,0.942,0.02,0,350
high,ADAPTATION,3,chari,240,244,0.88,2.423,8.06,0,0.35,0.96,0.021,0,356
high,ADAPTATION,3,chari,245,249,0.88,2.466,8.227,0,0.35,0.977,0.021,0,363
high,ADAPTATION,3,chari,250,254,0.88,2.509,8.394,0,0.35,0.994,0.021,0,369
high,ADAPTATION,3,chari,255,259,0.89,2.551,8.559,0,0.35,1.011,0.022,0,375
high,ADAPTATION,3,chari,260,264,0.89,2.593,8.724,0,0.35,1.028,0.022,0,382
high,ADAPTATION,3,chari,265,269,0.89,2.635,8.887,0,0.35,1.045,0.023,0,388
high,ADAPTATION,3,chari,270,274,0.9,2.676,9.049,0,0.35,1.062,0.023,0,394
high,ADAPTATION,3,chari,275,279,0.9,2.717,9.21,0,0.35,1.079,0.023,0,400
high,ADAPTATION,3,chari,280,284,0.9,2.758,9.37,0,0.35,1.095,0.024,0,406
high,ADAPTATION,3,chari,285,289,0.91,2.799,9.529,0,0.35,1.112,0.024,0,412
high,ADAPTATION,3,chari,290,294,0.91,2.839,9.687,0,0.35,1.128,0.024,0,418
high,ADAPTATION,3,chari,295,299,0.91,2.879,9.844,0,0.35,1.144,0.025,0,424
high,ADAPTATION,3,chari,300,304,0.91,2.919,10.0,0,0.35,1.16,0.025,0,430
high,ADAPTATION,4,chari,120,124,0.82,1.645,4.091,0,0.35,0.347,0.005,0,202
high,ADAPTATION,4,chari,125,129,0.83,1.707,4.3,0,0.35,0.36,0.006,0,210
high,ADAPTATION,4,chari,130,134,0.84,1.769,4.508,0,0.35,0.374,0.006,0,218
high,ADAPTATION,4,chari,135,139,0.85,1.831,4.714,0,0.35,0.388,0.006,0,226
high,ADAPTATION,4,chari,140,144,0.87,1.892,4.919,0,0.35,0.401,0.006,0,233
high,ADAPTATION,4,chari,145,149,0.88,1.953,5.123,0,0.35,0.415,0.007,0,241
high,ADAPTATION,4,chari,150,154,0.89,2.013,5.326,0,0.35,0.428,0.007,0,248
high,ADAPTATION,4,chari,155,159,0.9,2.073,5.527,0,0.35,0.442,0.007,0,256
high,ADAPTATION,4,chari,160,164,0.91,2.133,5.727,0,0.35,0.455,0.007,0,263
high,ADAPTATION,4,chari,165,169,0.91,2.193,5.926,0,0.35,0.468,0.008,0,271
high,ADAPTATION,4,chari,170,174,0.92,2.252,6.124,0,0.35,0.481,0.008,0,278
high,ADAPTATION,4,chari,175,179,0.93,2.311,6.321,0,0.35,0.494,0.008,0,286
high,ADAPTATION,4,chari,180,184,0.94,2.369,6.517,0,0.35,0.507,0.008,0,293
high,ADAPTATION,4,chari,185,189,0.95,2.427,6.711,0,0.35,0.52,0.009,0,300
high,ADAPTATION,4,chari,190,194,0.95,2.485,6.904,0,0.35,0.533,0.009,0,307
high,ADAPTATION,4,chari,195,199,0.96,2.542,7.096,0,0.35,0.546,0.009,0,315
high,ADAPTATION,4,chari,200,204,0.97,2.599,7.287,0,0.35,0.558,0.01,0,322
high,ADAPTATION,4,chari,205,209,0.97,2.656,7.477,0,0.35,0.571,0.01,0,329
high,ADAPTATION,4,chari,210,214,0.98,2.712,7.665,0,0.35,0.583,0.01,0,336
high,ADAPTATION,4,chari,215,219,0.98,2.768,7.852,0,0.35,0.596,0.01,0,343
high,ADAPTATION,4,chari,220,224,0.99,2.824,8.038,0,0.35,0.608,0.011,0,350
high,ADAPTATION,4,chari,225,229,0.99,2.879,8.223,0,0.35,0.621,0.011,0,357
high,ADAPTATION,4,chari,230,234,1.0,2.934,8.407,0,0.35,0.633,0.011,0,364
high,ADAPTATION,4,chari,235,239,1.0,2.989,8.59,0,0.35,0.645,0.011,0,370
high,ADAPTATION,4,chari,240,244,1.01,3.043,8.771,0,0.35,0.657,0.011,0,377
high,ADAPTATION,4,chari,245,249,1.01,3.097,8.951,0,0.35,0.669,0.012,0,384
high,ADAPTATION,4,chari,250,254,1.02,3.15,9.13,0,0.35,0.681,0.012,0,391
high,ADAPTATION,4,chari,255,259,1.02,3.203,9.308,0,0.35,0.692,0.012,0,397
high,ADAPTATION,4,chari,260,264,1.02,3.256,9.485,0,0.35,0.704,0.012,0,404
high,ADAPTATION,4,chari,265,269,1.03,3.309,9.66,0,0.35,0.716,0.013,0,410
high,ADAPTATION,4,chari,270,274,1.03,3.361,9.835,0,0.35,0.727,0.013,0,417
high,ADAPTATION,4,chari,275,279,1.03,3.413,10.008,0,0.35,0.739,0.013,0,423
high,ADAPTATION,4,chari,280,284,1.04,3.464,10.18,0,0.35,0.75,0.013,0,430
high,ADAPTATION,4,chari,285,289,1.04,3.515,10.351,0,0.35,0.762,0.014,0,436
high,ADAPTATION,4,chari,290,294,1.04,3.566,10.521,0,0.35,0.773,0.014,0,442
high,ADAPTATION,4,chari,295,299,1.05,3.616,10.689,0,0.35,0.784,0.014,0,449
high,ADAPTATION,4,chari,300,304,1.05,3.666,10.857,0,0.35,0.795,0.014,0,455
high,ADAPTATION,5,chari,120,124,0.94,2.013,4.464,0,0.35,0.155,0.0,0,213
high,ADAPTATION,5,chari,125,129,0.95,2.089,4.688,0,0.35,0.162,0.0,0,221
high,ADAPTATION,5,chari,130,134,0.97,2.165,4.912,0,0.35,0.168,0.0,0,229
high,ADAPTATION,5,chari,135,139,0.98,2.24,5.134,0,0.35,0.174,0.0,0,237
high,ADAPTATION,5,chari,140,144,0.99,2.315,5.354,0,0.35,0.18,0.0,0,246
high,ADAPTATION,5,chari,145,149,1.0,2.39,5.574,0,0.35,0.186,0.0,0,253
high,ADAPTATION,5,chari,150,154,1.01,2.464,5.792,0,0.35,0.192,0.0,0,261
high,ADAPTATION,5,chari,155,159,1.02,2.538,6.009,0,0.35,0.198,0.0,0,269
high,ADAPTATION,5,chari,160,164,1.03,2.611,6.225,0,0.35,0.204,0.0,0,277
high,ADAPTATION,5,chari,165,169,1.04,2.684,6.438,0,0.35,0.21,0.0,0,285
high,ADAPTATION,5,chari,170,174,1.05,2.756,6.65,0,0.35,0.216,0.0,0,293
high,ADAPTATION,5,chari,175,179,1.06,2.828,6.861,0,0.35,0.222,0.0,0,300
high,ADAPTATION,5,chari,180,184,1.07,2.9,7.07,0,0.35,0.228,0.0,0,308
high,ADAPTATION,5,chari,185,189,1.07,2.971,7.278,0,0.35,0.234,0.0,0,316
high,ADAPTATION,5,chari,190,194,1.08,3.042,7.484,0,0.35,0.24,0.0,0,323
high,ADAPTATION,5,chari,195,199,1.09,3.112,7.69,0,0.35,0.246,0.0,0,331
high,ADAPTATION,5,chari,200,204,1.1,3.182,7.894,0,0.35,0.252,0.0,0,338
high,ADAPTATION,5,chari,205,209,1.1,3.251,8.097,0,0.35,0.258,0.0,0,346
high,ADAPTATION,5,chari,210,214,1.11,3.32,8.298,0,0.35,0.264,0.001,0,353
high,ADAPTATION,5,chari,215,219,1.11,3.389,8.499,0,0.35,0.27,0.001,0,361
high,ADAPTATION,5,chari,220,224,1.12,3.457,8.698,0,0.35,0.276,0.001,0,368
high,ADAPTATION,5,chari,225,229,1.13,3.525,8.896,0,0.35,0.281,0.001,0,375
high,ADAPTATION,5,chari,230,234,1.13,3.592,9.092,0,0.35,0.287,0.001,0,382
high,ADAPTATION,5,chari,235,239,1.14,3.659,9.288,0,0.35,0.293,0.001,0,390
high,ADAPTATION,5,chari,240,244,1.14,3.725,9.482,0,0.35,0.298,0.001,0,397
high,ADAPTATION,5,chari,245,249,1.15,3.791,9.675,0,0.35,0.304,0.001,0,404
high,ADAPTATION,5,chari,250,254,1.15,3.857,9.866,0,0.35,0.31,0.001,0,411
high,ADAPTATION,5,chari,255,259,1.15,3.922,10.056,0,0.35,0.315,0.001,0,418
high,ADAPTATION,5,chari,260,264,1.16,3.986,10.245,0,0.35,0.321,0.001,0,425
high,ADAPTATION,5,chari,265,269,1.16,4.051,10.433,0,0.35,0.326,0.001,0,432
high,ADAPTATION,5,chari,270,274,1.17,4.114,10.62,0,0.35,0.331,0.001,0,438
high,ADAPTATION,5,chari,275,279,1.17,4.178,10.805,0,0.35,0.337,0.001,0,445
high,ADAPTATION,5,chari,280,284,1.17,4.241,10.989,0,0.35,0.342,0.001,0,452
high,ADAPTATION,5,chari,285,289,1.17,4.303,11.172,0,0.35,0.347,0.001,0,459
high,ADAPTATION,5,chari,290,294,1.18,4.365,11.354,0,0.35,0.353,0.001,0,465
high,ADAPTATION,5,chari,295,299,1.18,4.427,11.534,0,0.35,0.358,0.001,0,472
high,ADAPTATION,5,chari,300,304,1.18,4.488,11.713,0,0.35,0.363,0.001,0,479
high,ADAPTATION,6,chari,120,124,1.06,2.355,4.762,0,0.35,0.0,0.0,0,225
high,ADAPTATION,6,chari,125,129,1.07,2.445,4.997,0,0.35,0.0,0.0,0,234
high,ADAPTATION,6,chari,130,134,1.08,2.534,5.23,0,0.35,0.0,0.0,0,242
high,ADAPTATION,6,chari,135,139,1.1,2.623,5.462,0,0.35,0.0,0.0,0,251
high,ADAPTATION,6,chari,140,144,1.11,2.712,5.693,0,0.35,0.0,0.0,0,259
high,ADAPTATION,6,chari,145,149,1.12,2.8,5.923,0,0.35,0.0,0.0,0,268
high,ADAPTATION,6,chari,150,154,1.13,2.887,6.151,0,0.35,0.0,0.0,0,276
high,ADAPTATION,6,chari,155,159,1.14,2.974,6.377,0,0.35,0.0,0.0,0,284
high,ADAPTATION,6,chari,160,164,1.15,3.06,6.603,0,0.35,0.0,0.0,0,293
high,ADAPTATION,6,chari,165,169,1.16,3.146,6.827,0,0.35,0.0,0.0,0,301
high,ADAPTATION,6,chari,170,174,1.17,3.232,7.049,0,0.35,0.0,0.0,0,309
high,ADAPTATION,6,chari,175,179,1.18,3.316,7.271,0,0.35,0.0,0.0,0,317
high,ADAPTATION,6,chari,180,184,1.19,3.401,7.491,0,0.35,0.0,0.0,0,325
high,ADAPTATION,6,chari,185,189,1.2,3.485,7.71,0,0.35,0.0,0.0,0,333
high,ADAPTATION,6,chari,190,194,1.21,3.568,7.927,0,0.35,0.0,0.0,0,341
high,ADAPTATION,6,chari,195,199,1.22,3.651,8.143,0,0.35,0.0,0.0,0,349
high,ADAPTATION,6,chari,200,204,1.22,3.733,8.358,0,0.35,0.0,0.0,0,357
high,ADAPTATION,6,chari,205,209,1.23,3.815,8.571,0,0.35,0.0,0.0,0,365
high,ADAPTATION,6,chari,210,214,1.24,3.897,8.783,0,0.35,0.0,0.0,0,373
high,ADAPTATION,6,chari,215,219,1.24,3.977,8.994,0,0.35,0.0,0.0,0,381
high,ADAPTATION,6,chari,220,224,1.25,4.058,9.203,0,0.35,0.0,0.0,0,388
high,ADAPTATION,6,chari,225,229,1.25,4.137,9.411,0,0.35,0.0,0.0,0,396
high,ADAPTATION,6,chari,230,234,1.26,4.217,9.618,0,0.35,0.0,0.0,0,404
high,ADAPTATION,6,chari,235,239,1.26,4.296,9.824,0,0.35,0.0,0.0,0,411
high,ADAPTATION,6,chari,240,244,1.27,4.374,10.028,0,0.35,0.0,0.0,0,419
high,ADAPTATION,6,chari,245,249,1.27,4.452,10.231,0,0.35,0.0,0.0,0,426
high,ADAPTATION,6,chari,250,254,1.28,4.529,10.432,0,0.35,0.0,0.0,0,434
high,ADAPTATION,6,chari,255,259,1.28,4.606,10.632,0,0.35,0.0,0.0,0,441
high,ADAPTATION,6,chari,260,264,1.29,4.682,10.831,0,0.35,0.0,0.0,0,448
high,ADAPTATION,6,chari,265,269,1.29,4.758,11.029,0,0.35,0.0,0.0,0,456
high,ADAPTATION,6,chari,270,274,1.3,4.833,11.225,0,0.35,0.0,0.0,0,463
high,ADAPTATION,6,chari,275,279,1.3,4.908,11.42,0,0.35,0.0,0.0,0,470
high,ADAPTATION,6,chari,280,284,1.3,4.982,11.613,0,0.35,0.0,0.0,0,477
high,ADAPTATION,6,chari,285,289,1.31,5.056,11.806,0,0.35,0.0,0.0,0,484
high,ADAPTATION,6,chari,290,294,1.31,5.129,11.997,0,0.35,0.0,0.0,0,491
high,ADAPTATION,6,chari,295,299,1.31,5.201,12.186,0,0.35,0.0,0.0,0,498
high,ADAPTATION,6,chari,300,304,1.31,5.274,12.375,0,0.35,0.0,0.0,0,505
high,ADAPTATION,7,chari,120,124,1.15,2.433,5.05,0,0.35,0.052,0.0,0,238
high,ADAPTATION,7,chari,125,129,1.16,2.533,5.296,0,0.35,0.047,0.0,0,247
high,ADAPTATION,7,chari,130,134,1.18,2.632,5.541,0,0.35,0.043,0.0,0,256
high,ADAPTATION,7,chari,135,139,1.19,2.731,5.784,0,0.35,0.038,0.0,0,265
high,ADAPTATION,7,chari,140,144,1.2,2.829,6.026,0,0.35,0.034,0.0,0,274
high,ADAPTATION,7,chari,145,149,1.22,2.925,6.27,0,0.35,0.03,0.0,0,283
high,ADAPTATION,7,chari,150,154,1.23,3.02,6.513,0,0.35,0.027,0.0,0,292
high,ADAPTATION,7,chari,155,159,1.24,3.114,6.755,0,0.35,0.023,0.0,0,300
high,ADAPTATION,7,chari,160,164,1.25,3.208,6.996,0,0.35,0.02,0.0,0,309
high,ADAPTATION,7,chari,165,169,1.26,3.301,7.235,0,0.35,0.016,0.0,0,318
high,ADAPTATION,7,chari,170,174,1.27,3.394,7.473,0,0.35,0.013,0.0,0,326
high,ADAPTATION,7,chari,175,179,1.28,3.486,7.709,0,0.35,0.009,0.0,0,334
high,ADAPTATION,7,chari,180,184,1.29,3.578,7.944,0,0.35,0.006,0.0,0,343
high,ADAPTATION,7,chari,185,189,1.3,3.669,8.177,0,0.35,0.003,0.0,0,351
high,ADAPTATION,7,chari,190,194,1.3,3.759,8.409,0,0.35,0.0,0.0,0,360
high,ADAPTATION,7,chari,195,199,1.31,3.846,8.636,0,0.35,0.0,0.0,0,368
high,ADAPTATION,7,chari,200,204,1.32,3.933,8.861,0,0.35,0.0,0.0,0,376
high,ADAPTATION,7,chari,205,209,1.33,4.019,9.086,0,0.35,0.0,0.0,0,385
high,ADAPTATION,7,chari,210,214,1.33,4.105,9.309,0,0.35,0.0,0.0,0,393
high,ADAPTATION,7,chari,215,219,1.34,4.19,9.531,0,0.35,0.0,0.0,0,401
high,ADAPTATION,7,chari,220,224,1.35,4.275,9.751,0,0.35,0.0,0.0,0,409
high,ADAPTATION,7,chari,225,229,1.35,4.359,9.97,0,0.35,0.0,0.0,0,417
high,ADAPTATION,7,chari,230,234,1.36,4.442,10.187,0,0.35,0.0,0.0,0,425
high,ADAPTATION,7,chari,235,239,1.36,4.525,10.403,0,0.35,0.0,0.0,0,433
high,ADAPTATION,7,chari,240,244,1.37,4.608,10.618,0,0.35,0.0,0.0,0,441
high,ADAPTATION,7,chari,245,249,1.37,4.69,10.831,0,0.35,0.0,0.0,0,449
high,ADAPTATION,7,chari,250,254,1.38,4.771,11.043,0,0.35,0.0,0.0,0,457
high,ADAPTATION,7,chari,255,259,1.38,4.852,11.253,0,0.35,0.0,0.0,0,464
high,ADAPTATION,7,chari,260,264,1.39,4.932,11.463,0,0.35,0.0,0.0,0,472
high,ADAPTATION,7,chari,265,269,1.39,5.012,11.67,0,0.35,0.0,0.0,0,480
high,ADAPTATION,7,chari,270,274,1.4,5.091,11.877,0,0.35,0.0,0.0,0,487
high,ADAPTATION,7,chari,275,279,1.4,5.17,12.082,0,0.35,0.0,0.0,0,495
high,ADAPTATION,7,chari,280,284,1.4,5.248,12.285,0,0.35,0.0,0.0,0,502
high,ADAPTATION,7,chari,285,289,1.41,5.326,12.487,0,0.35,0.0,0.0,0,510
high,ADAPTATION,7,chari,290,294,1.41,5.403,12.688,0,0.35,0.0,0.0,0,517
high,ADAPTATION,7,chari,295,299,1.41,5.479,12.887,0,0.35,0.0,0.0,0,525
high,ADAPTATION,7,chari,300,304,1.42,5.555,13.086,0,0.35,0.0,0.0,0,532
